Date,None,D0,D1,D2,D3,D4
11/14/2016 0:00,394212.1571,128405.2622,78341.65476,8442.330617,575.1769426,0
11/15/2016 0:00,405647.26,126862.99,80946.66,8538.74,602.4,0
11/16/2016 0:00,340811.807,169833.3039,62498.96125,38253.97753,843.8003452,0
11/17/2016 0:00,366028.2145,170618.7184,59970.7732,39739.12718,855.6798448,0
11/18/2016 0:00,345566.9369,166213.3541,61339.80197,39362.17196,878.1447971,0
11/19/2016 0:00,346496.9759,165105.6227,58061.40059,41031.01383,864.4381072,0
11/20/2016 0:00,340041.3866,168882.6438,62069.74534,38537.26727,863.1420234,0
11/21/2016 0:00,340240.1182,181148.2864,62479.49144,38016.76364,872.4152612,0
11/22/2016 0:00,348793.35,173412.92,60111.97,39405.52,874.28,0
11/23/2016 0:00,339673.5644,195987.0004,65264.17114,28301.53715,260.3655973,0
11/24/2016 0:00,354899.4198,194446.2589,66819.52387,28015.12926,254.8728331,0
11/25/2016 0:00,351031.7992,182714.619,69650.71284,29895.4656,246.489419,0
11/26/2016 0:00,340697.3116,183863.1387,64237.78676,30261.45661,255.5818905,0
11/27/2016 0:00,346679.1378,181671.043,64969.00632,28454.74562,263.7040559,0
11/28/2016 0:00,326506.5182,184622.1441,63931.84946,29492.9104,260.9551805,0
11/29/2016 0:00,338258.46,188571.38,66507.78,29001.67,258.76,0
11/30/2016 0:00,350116.4556,176548.572,85469.09958,9710.198836,0,0
12/1/2016 0:00,336998.9284,191854.5329,86778.19922,9854.40664,0,0
12/2/2016 0:00,341159.4616,176903.0261,84844.77199,9839.407615,0,0
12/3/2016 0:00,347439.3554,185530.5735,83820.88788,10701.65989,0,0
12/4/2016 0:00,348899.2796,175763.0682,85382.33482,10546.00191,0,0
12/5/2016 0:00,347816.3728,181742.6421,82111.34313,10087.01702,0,0
12/6/2016 0:00,343109.15,184302.86,84970.45,10215.6,0,0
12/7/2016 0:00,367711.5338,173051.2964,88704.31753,9265.668119,0,0
12/8/2016 0:00,350451.5646,166539.7179,83257.48681,9359.859817,0,0
12/9/2016 0:00,352962.6553,179193.7842,82745.41854,9745.880929,0,0
12/10/2016 0:00,351651.1019,170505.5188,83118.24287,9686.743198,0,0
12/11/2016 0:00,346517.8487,168436.3767,82200.27505,9551.328685,0,0
12/12/2016 0:00,344744.8105,177132.4343,85808.20158,8966.809161,0,0
12/13/2016 0:00,357078.98,171571.67,84600.3,9347.09,0,0
12/14/2016 0:00,345609.0585,179542.8693,78878.06669,10550.09337,0,0
12/15/2016 0:00,357767.749,168009.8439,78352.71284,10692.94015,0,0
12/16/2016 0:00,359918.4329,173635.6988,81679.10302,10579.49011,0,0
12/17/2016 0:00,372038.4668,180302.4092,81024.88785,9865.68155,0,0
12/18/2016 0:00,369039.9202,167885.1746,83917.61054,10631.69969,0,0
12/19/2016 0:00,344236.6444,177574.3028,80431.08194,10729.91848,0,0
12/20/2016 0:00,355539.79,175311.34,81486.28,10260.62,0,0
12/21/2016 0:00,413302.7514,167922.0614,46935.98197,8969.099231,0,0
12/22/2016 0:00,391902.8444,157540.9717,47674.34756,8759.722242,0,0
12/23/2016 0:00,394289.3779,165370.0459,50594.38258,9013.685647,0,0
12/24/2016 0:00,401243.8754,168467.6643,49215.32654,8314.68593,0,0
12/25/2016 0:00,392081.6827,164439.1434,48781.39414,8553.419877,0,0
12/26/2016 0:00,405849.4184,168591.0539,48940.28333,9023.099514,0,0
12/27/2016 0:00,402038.24,162619.35,49206.99,8733.48,0,0
12/28/2016 0:00,412906.7247,147769.8351,64832.58678,8160.971386,1040.356113,0
12/29/2016 0:00,392434.0145,142244.6007,66363.19726,8272.672573,1047.860981,0
12/30/2016 0:00,403890.0414,148850.0605,62023.99148,8158.602086,1084.923596,0
12/31/2016 0:00,423856.59,146873.757,62255.9791,8235.010013,1043.827474,0
1/1/2017 0:00,389738.0174,144377.3459,64758.79356,8137.526514,1052.492502,0
1/2/2017 0:00,419669.3926,143569.0014,62625.7452,8297.665808,1097.796786,0
1/3/2017 0:00,406158.24,143025.92,64408.95,7929.75,1075.2,0
1/4/2017 0:00,405001.2113,117917.1706,86412.51851,8549.306664,1071.090637,0
1/5/2017 0:00,416789.9601,116997.1815,89949.51759,8676.983972,1079.89021,0
1/6/2017 0:00,393215.2861,115509.257,91870.88973,8608.00139,1063.403895,0
1/7/2017 0:00,411646.5117,118077.7738,83873.83554,8543.768406,1024.377191,0
1/8/2017 0:00,397394.677,118295.4625,89781.54151,8354.458815,1050.93069,0
1/9/2017 0:00,408461.644,114358.5091,85813.02442,8225.618202,1088.588673,0
1/10/2017 0:00,411862.1,113431.63,87725.53,8503.58,1075.2,0
1/11/2017 0:00,418309.5014,115400.9141,76404.5442,7010.520348,1071.176826,0
1/12/2017 0:00,425865.81,110012.5792,73327.85591,7482.99291,1106.043662,0
1/13/2017 0:00,438856.7077,117134.0256,73222.05636,7370.510023,1049.58612,0
1/14/2017 0:00,434100.6132,114758.1654,73715.21336,6984.543074,1079.742046,0
1/15/2017 0:00,407890.404,118608.0365,71565.21096,7598.217637,1042.687294,0
1/16/2017 0:00,425309.0914,114736.509,74294.37355,6910.722531,1110.292201,0
1/17/2017 0:00,425810.73,115012.6,73461.32,7238.2,1075.2,0
1/18/2017 0:00,423626.3166,104740.8079,63987.72697,10662.1492,1094.329647,0
1/19/2017 0:00,446892.3963,103579.3132,63046.46937,10542.96901,1096.937606,0
1/20/2017 0:00,447348.209,105176.9933,62012.83617,9740.925093,1100.464574,0
1/21/2017 0:00,426254.7601,109377.8824,64954.20684,10418.3496,1097.860231,0
1/22/2017 0:00,449278.8073,100480.1642,64534.90958,10469.12608,1126.470367,0
1/23/2017 0:00,435967.405,108048.8258,65034.51219,10427.92567,1080.667694,0
1/24/2017 0:00,443361.88,104927.15,63035.12,10198.71,1075.2,0
1/25/2017 0:00,454133.3646,127390.0094,45655.16108,5772.20126,1123.325818,0
1/26/2017 0:00,448517.6577,116660.45,41786.88044,5341.015672,1050.678697,0
1/27/2017 0:00,440851.9967,122500.4541,41634.8509,5837.522655,1110.328575,0
1/28/2017 0:00,431669.4877,122211.5048,44180.83034,5606.013121,1051.641713,0
1/29/2017 0:00,462180.938,121253.0037,41810.19588,5575.270614,1070.338057,0
1/30/2017 0:00,469917.0994,120048.2677,41995.73041,5638.466168,1026.103003,0
1/31/2017 0:00,450386.19,121775.24,43793.39,5568.06,1075.2,0
2/1/2017 0:00,430620.5547,115333.9404,41754.14166,6699.419347,1111.172847,0
2/2/2017 0:00,440629.589,119545.8746,45075.28567,6721.614107,1117.916155,0
2/3/2017 0:00,447142.0655,113706.1957,42295.92157,6911.59808,1050.557372,0
2/4/2017 0:00,433889.0041,121599.7037,42275.15333,6807.940621,1094.343868,0
2/5/2017 0:00,447972.5033,119711.55,43297.6459,6933.122227,1087.165681,0
2/6/2017 0:00,452135.9605,120480.5165,43174.70317,7086.801036,1045.977552,0
2/7/2017 0:00,452320.94,118871.3,43536.09,6794.53,1075.2,0
2/8/2017 0:00,429852.3873,105320.9523,56795.8732,6557.012671,1080.002621,0
2/9/2017 0:00,458192.4437,100379.4621,59718.50089,6767.200602,1033.515053,0
2/10/2017 0:00,436907.2328,105070.8881,57807.73412,6701.942786,1038.181543,0
2/11/2017 0:00,448002.3037,106420.3273,56035.76947,6808.146601,1094.171335,0
2/12/2017 0:00,436779.059,104278.2688,56343.7399,6831.674435,1094.318356,0
2/13/2017 0:00,466132.8221,107465.761,59426.39942,6879.184152,1082.358852,0
2/14/2017 0:00,452305.41,105288.23,57134.68,6794.53,1075.2,0
2/15/2017 0:00,430107.6193,134565.4566,76629.83647,6561.214702,1045.061387,0
2/16/2017 0:00,411839.1047,133827.093,70627.2192,6473.511049,1066.386736,0
2/17/2017 0:00,417714.0021,125898.7981,73850.06161,6590.845204,1078.223839,0
2/18/2017 0:00,416643.1779,128843.1893,71144.86619,6546.987646,1103.917953,0
2/19/2017 0:00,409480.0243,126895.9301,76818.65065,6959.055062,1013.549854,0
2/20/2017 0:00,428280.2365,125946.3637,74784.20728,6593.240528,1026.149267,0
2/21/2017 0:00,412402.42,128830,73495.9,6808.39,1061.34,0
2/22/2017 0:00,395680.7729,139615.7497,75370.73357,8854.999073,1040.265879,0
2/23/2017 0:00,403880.8291,131977.8443,78066.66006,8910.253608,1087.109305,0
2/24/2017 0:00,397907.2422,130397.3168,73030.14198,8344.597218,1089.224154,0
2/25/2017 0:00,423238.5885,139096.1213,71771.45048,8575.740699,1030.840721,0
2/26/2017 0:00,403921.269,133406.3607,74474.74065,8266.08324,1051.727164,0
2/27/2017 0:00,404299.6586,131342.9764,74611.02632,8910.453475,1052.291562,0
2/28/2017 0:00,403614.57,134127.38,75132.6,8662.18,1061.34,0
3/1/2017 0:00,406469.3697,99410.69031,93495.10295,14861.5136,1015.700204,0
3/2/2017 0:00,403494.5865,98069.40859,92392.85659,13832.30751,1025.418649,0
3/3/2017 0:00,410551.2326,99720.79238,94484.98734,14805.73568,1067.34786,0
3/4/2017 0:00,422068.8551,95946.54859,96682.06188,14559.68701,1049.462102,0
3/5/2017 0:00,401807.8489,97156.21159,96828.93717,13959.97896,1081.057289,0
3/6/2017 0:00,398118.7424,95610.73894,96923.32244,15125.86557,1048.805395,0
3/7/2017 0:00,414767.09,99675.32,92662.29,14432.01,1061.34,0
3/8/2017 0:00,411537.8282,98691.65112,88615.70442,13999.19262,1098.221826,0
3/9/2017 0:00,406199.8657,96997.8213,88929.03496,13794.30666,1097.652833,0
3/10/2017 0:00,408665.8082,101455.4876,96303.90636,14806.44704,1060.821786,0
3/11/2017 0:00,400023.0537,93429.7022,94131.33394,14406.24491,1073.178187,0
3/12/2017 0:00,424544.034,100438.4198,87840.45097,14171.77664,1019.72239,0
3/13/2017 0:00,423285.3151,101976.9608,93711.61442,14989.66823,1079.325297,0
3/14/2017 0:00,417658.2,97538.68,91935.07,14404.76,1061.34,0
3/15/2017 0:00,406199.7404,102285.1363,90460.53087,14642.46997,1010.431318,0
3/16/2017 0:00,399406.5013,108189.1931,98443.34982,14705.69592,1088.999593,0
3/17/2017 0:00,391952.6618,108517.6961,97158.37884,14041.93024,1070.995013,0
3/18/2017 0:00,415894.0493,104036.1947,96994.86859,14761.39187,1010.416741,0
3/19/2017 0:00,397781.7299,103393.5293,95058.06231,15168.51493,1104.224724,0
3/20/2017 0:00,408924.1627,101194.9669,93900.09228,14349.21094,1093.527936,0
3/21/2017 0:00,409009.11,103728.28,94203.84,14595.48,1061.34,0
3/22/2017 0:00,440216.1111,103757.9127,82054.39606,3427.084365,0,0
3/23/2017 0:00,447651.1455,102330.5613,81262.21818,3318.865769,0,0
3/24/2017 0:00,437863.2353,100316.6603,82070.665,3362.213783,0,0
3/25/2017 0:00,462386.738,98371.76992,77420.56671,3430.34571,0,0
3/26/2017 0:00,427176.7441,103478.3649,77284.10273,3327.979934,0,0
3/27/2017 0:00,431783.1678,99304.92813,79630.51913,3253.168201,0,0
3/28/2017 0:00,440877.64,98900.07,79496.59,3323.75,0,0
3/29/2017 0:00,464891.4795,132141.5246,35927.6747,1148.146344,0,0
3/30/2017 0:00,475514.618,125740.1346,37267.59669,1088.695421,0,0
3/31/2017 0:00,470481.0298,129928.3456,35577.12174,1076.604444,0,0
4/1/2017 0:00,455361.6966,130078.6597,36850.50791,1101.711414,0,0
4/2/2017 0:00,453340.1462,132319.9622,36928.52534,1063.868548,0,0
4/3/2017 0:00,466285.5242,132951.3632,35660.57669,1124.738552,0,0
4/4/2017 0:00,457410.12,127123.46,36965.7,1098.77,0,0
4/5/2017 0:00,513220.3283,96910.46168,12394.63234,2144.221016,0,0
4/6/2017 0:00,486453.3488,102843.8614,12596.81629,2099.886086,0,0
4/7/2017 0:00,489180.2616,96760.60434,12986.76842,2103.794326,0,0
4/8/2017 0:00,502714.2337,98849.04467,13169.38743,2270.243385,0,0
4/9/2017 0:00,509873.7146,100035.8306,12972.66871,2173.632428,0,0
4/10/2017 0:00,494451.866,99576.58322,12451.93858,2231.065054,0,0
4/11/2017 0:00,506649.16,100789.8,12960.09,2199.02,0,0
4/12/2017 0:00,521284.4321,94945.54792,13393.67459,2305.685749,0,0
4/13/2017 0:00,515803.5494,101131.9801,12634.09487,2193.04648,0,0
4/14/2017 0:00,531020.6985,94432.94692,13414.7006,2149.214436,0,0
4/15/2017 0:00,532445.4036,100315.3853,12820.19131,2206.929944,0,0
4/16/2017 0:00,524352.9282,95354.47144,12740.36038,2223.339136,0,0
4/17/2017 0:00,514262.4342,102501.75,12449.83232,2116.100645,0,0
4/18/2017 0:00,509539.8,97899.16,12960.09,2199.02,0,0
4/19/2017 0:00,542776.0242,84120.87233,6624.085179,0,0,0
4/20/2017 0:00,526694.4681,86640.50834,6596.080493,0,0,0
4/21/2017 0:00,548689.5987,89407.60855,6591.067014,0,0,0
4/22/2017 0:00,513873.9228,85169.60966,6976.940995,0,0,0
4/23/2017 0:00,519037.1394,90914.01333,6585.510349,0,0,0
4/24/2017 0:00,506454.3297,89224.80777,6599.297618,0,0,0
4/25/2017 0:00,527723.58,87954.43,6920.03,0,0,0
4/26/2017 0:00,584367.6107,13056.32707,561.5199823,0,0,0
4/27/2017 0:00,590501.9221,13305.68553,566.0641757,0,0,0
4/28/2017 0:00,593270.4153,13944.90444,590.75667,0,0,0
4/29/2017 0:00,612467.1645,13463.23834,590.9907165,0,0,0
4/30/2017 0:00,629096.5907,12668.05832,580.006448,0,0,0
5/1/2017 0:00,607526.0494,13109.28499,591.2026359,0,0,0
5/2/2017 0:00,608696.9,13311.98,589.17,0,0,0
5/3/2017 0:00,557457.2151,56337.23093,604.322862,0,0,0
5/4/2017 0:00,552099.1946,54051.02555,562.1684923,0,0,0
5/5/2017 0:00,570336.523,52929.00423,568.9468781,0,0,0
5/6/2017 0:00,563778.7313,56315.70288,584.7626374,0,0,0
5/7/2017 0:00,593834.6128,55772.31925,567.0022055,0,0,0
5/8/2017 0:00,587510.5079,52569.24321,597.33144,0,0,0
5/9/2017 0:00,567849.36,54159.53,589.17,0,0,0
5/10/2017 0:00,589382.7503,56167.71248,185.5879724,0,0,0
5/11/2017 0:00,565315.391,60348.35332,190.0614707,0,0,0
5/12/2017 0:00,555639.0744,58422.69638,182.7071025,0,0,0
5/13/2017 0:00,546440.1538,55358.16717,188.800394,0,0,0
5/14/2017 0:00,547810.6042,58511.80961,198.0032639,0,0,0
5/15/2017 0:00,557087.1816,57036.80986,182.7222923,0,0,0
5/16/2017 0:00,564580.24,57828.93,188.9,0,0,0
5/17/2017 0:00,561480.4278,66806.7041,10089.79181,0,0,0
5/18/2017 0:00,553032.8131,70514.12907,9637.158378,0,0,0
5/19/2017 0:00,556742.9433,65574.69906,9323.132869,0,0,0
5/20/2017 0:00,566356.7481,69578.14966,10085.84869,0,0,0
5/21/2017 0:00,518694.0116,66210.37104,9863.398168,0,0,0
5/22/2017 0:00,565976.0257,67330.56283,9642.894661,0,0,0
5/23/2017 0:00,545169.7,67703.85,9724.5,0,0,0
5/24/2017 0:00,459599.5225,102533.7354,34001.33188,0,0,0
5/25/2017 0:00,501382.229,110462.8191,33350.31432,0,0,0
5/26/2017 0:00,489750.9314,107631.9731,31252.00085,0,0,0
5/27/2017 0:00,472109.6296,104801.1251,32008.35161,0,0,0
5/28/2017 0:00,495150.7818,103482.8445,34157.84009,0,0,0
5/29/2017 0:00,485570.6961,107805.3244,32025.97448,0,0,0
5/30/2017 0:00,482036.05,107764.29,32797.72,0,0,0
5/31/2017 0:00,470445.8525,58902.72624,89761.46761,18570.66189,0,0
6/1/2017 0:00,438794.8963,59181.25981,89244.24075,17803.85826,0,0
6/2/2017 0:00,473082.3239,58117.23695,90033.5566,17892.05454,0,0
6/3/2017 0:00,458746.4369,61411.2225,91746.36296,18439.82325,0,0
6/4/2017 0:00,450490.8832,58456.47992,92993.17378,18162.72089,0,0
6/5/2017 0:00,475825.033,61714.09408,90301.17938,17827.83937,0,0
6/6/2017 0:00,453594.68,60024.96,90636.05,18342.37,0,0
6/7/2017 0:00,364423.0576,139020.526,76722.74186,30009.89202,0,0
6/8/2017 0:00,350841.6658,147485.6912,82156.62652,29691.31639,0,0
6/9/2017 0:00,357061.1944,138263.0733,82019.96842,29073.32621,0,0
6/10/2017 0:00,366138.8375,142333.0913,83479.07478,28520.20836,0,0
6/11/2017 0:00,384173.1216,150998.5713,82912.79463,30305.22908,0,0
6/12/2017 0:00,371647.9588,148228.7419,82903.48355,28993.23473,0,0
6/13/2017 0:00,368495.31,145275.7,79603.24,29223.81,0,0
6/14/2017 0:00,410583.201,123065.6596,51673.21671,36927.60252,7329.636877,0
6/15/2017 0:00,412333.3921,117237.6379,52467.3341,37677.8654,6873.625747,0
6/16/2017 0:00,389813.9766,118561.4635,53200.8357,37340.8217,7389.735393,0
6/17/2017 0:00,400479.8408,116545.9697,51216.78181,36764.39306,6761.671669,0
6/18/2017 0:00,414119.075,112571.3223,54019.83348,35601.96293,6878.384362,0
6/19/2017 0:00,424219.4202,119662.3202,55039.65677,36444.75776,6778.120505,0
6/20/2017 0:00,408166.9,117692.49,52879.67,36797.11,7061.88,0
6/21/2017 0:00,380038.7643,150872.1844,44495.00325,39721.51957,19223.98943,0
6/22/2017 0:00,358407.077,149796.6749,41690.77616,36717.02062,19411.95423,0
6/23/2017 0:00,354451.1973,148388.91,42964.3752,37391.39112,19701.58308,0
6/24/2017 0:00,385472.6264,152929.0286,45281.20553,38582.07319,19288.13504,0
6/25/2017 0:00,385532.7746,149753.0047,41663.50717,39739.26951,19003.01276,0
6/26/2017 0:00,374054.9973,145829.5221,41184.29928,37236.02102,19719.93516,0
6/27/2017 0:00,369212.09,152873.59,43165.27,38019.21,19327.89,0
6/28/2017 0:00,375886.8687,142271.5994,49598.01228,36354.10722,23768.63277,0
6/29/2017 0:00,378533.0073,133781.8517,50376.01449,35516.02541,24697.44908,0
6/30/2017 0:00,371712.1356,140257.6084,51314.85616,34250.40104,25144.99369,0
7/1/2017 0:00,380628.462,140600.3565,48413.0613,36874.77116,24162.20077,0
7/2/2017 0:00,365493.4758,146012.6726,48403.84524,36950.95926,24552.42839,0
7/3/2017 0:00,377867.8247,134791.5967,50208.57225,35638.93274,23413.37831,0
7/4/2017 0:00,373649.88,140064.56,49327.32,35528.81,24027.48,0
7/5/2017 0:00,372769.8135,123470.8372,63641.05514,38961.84636,33140.08823,0
7/6/2017 0:00,367891.4627,121108.5742,64939.98351,37242.12754,34720.66459,0
7/7/2017 0:00,377925.8219,114024.4588,62486.4341,37987.06111,34903.23382,0
7/8/2017 0:00,363127.817,117078.9146,65294.02689,37558.52366,32187.10431,0
7/9/2017 0:00,356646.0238,120714.2753,61067.01762,37825.75115,32939.02736,0
7/10/2017 0:00,382736.8881,119933.0268,60873.73545,38901.14641,34941.63296,0
7/11/2017 0:00,368805.81,119655.74,63196.83,37312.61,33627.04,0
7/12/2017 0:00,328137.6755,146183.2239,68842.72187,46381.25951,32399.61864,4459.746631
7/13/2017 0:00,317752.7084,152311.3679,70513.66993,44368.52037,31733.67694,4512.546847
7/14/2017 0:00,318605.3719,151618.1399,69636.52361,46119.42886,32523.85219,4376.18195
7/15/2017 0:00,323660.7499,154164.7229,70982.51965,47526.78359,31379.79423,4412.71638
7/16/2017 0:00,312604.6149,146865.0915,74655.04619,46046.54502,32890.71982,4677.307868
7/17/2017 0:00,329621.1996,147015.6323,69890.92422,46286.33164,33367.61715,4333.382516
7/18/2017 0:00,317969.19,150275.92,71616.81,45640.53,32604.83,4490.77
7/19/2017 0:00,296560.399,152869.9968,82074.48053,48786.48199,39627.34577,5125.287281
7/20/2017 0:00,311147.3917,151737.9537,87687.06218,49550.98293,37630.36041,5303.323356
7/21/2017 0:00,305112.2729,155581.477,82890.35468,46964.31894,37369.29041,5464.688668
7/22/2017 0:00,291319.7758,149271.6244,84099.97232,47892.20947,36949.32746,5125.910817
7/23/2017 0:00,298068.5241,154579.9592,82400.63446,49090.29062,38966.51433,5192.59489
7/24/2017 0:00,309001.6395,149649.1065,83619.74159,47593.74838,39097.19951,5163.267611
7/25/2017 0:00,296451.66,149557.31,85565.31,47268.83,38367.48,5387.45
7/26/2017 0:00,296480.1418,123651.2933,95627.45095,51968.48706,35724.08304,5503.018156
7/27/2017 0:00,301721.0849,116852.8953,94920.31743,54541.26886,37444.61869,5529.498902
7/28/2017 0:00,308707.2824,116812.8267,102071.9365,51262.09482,36173.50963,5230.212191
7/29/2017 0:00,314010.6659,120506.1357,94079.57517,50773.90061,36774.00967,5283.555229
7/30/2017 0:00,293650.6199,121105.1801,99464.36528,51002.03819,35511.4076,5350.173557
7/31/2017 0:00,314375.7486,118301.8004,94791.1154,54721.0781,35928.27609,5284.506471
8/1/2017 0:00,307903.4,121894.62,98685.47,52795.28,35931.84,5387.45
8/2/2017 0:00,313049.7244,115806.4273,88292.81982,56853.14631,28228.46697,5388.219322
8/3/2017 0:00,334136.3975,117775.8009,85926.04946,57445.79038,30230.19327,5380.893693
8/4/2017 0:00,335829.7634,112699.0819,82772.59435,59130.13433,29186.91258,5337.676804
8/5/2017 0:00,318851.3989,120170.2319,88156.62839,59271.93407,28161.51201,5281.658597
8/6/2017 0:00,331081.2227,114405.6639,83154.68454,57626.40511,28965.51223,5376.445511
8/7/2017 0:00,335304.139,120062.5151,84280.37542,57520.4416,28498.41589,5160.006447
8/8/2017 0:00,327584.73,117772.05,85235.96,57453.84,29164.03,5387.45
8/9/2017 0:00,330199.5029,111368.189,88345.57361,54032.49924,34110.70755,3631.6234
8/10/2017 0:00,315021.6214,112248.1413,87020.80103,53792.13047,32227.83481,3429.638815
8/11/2017 0:00,313736.9534,121210.6803,83451.91546,54099.39226,32895.87865,3524.093163
8/12/2017 0:00,314085.5774,115283.6102,86669.58463,55252.43162,34391.28592,3523.839162
8/13/2017 0:00,330475.4925,113714.562,89762.39743,56614.60173,34111.54258,3620.947057
8/14/2017 0:00,341177.4312,114095.8047,89423.5962,53772.82622,33271.83923,3589.254346
8/15/2017 0:00,328490.32,117135.28,86132.91,53979.79,33255.75,3604.01
8/16/2017 0:00,338053.4777,130542.2652,74542.95125,52329.21274,22543.10896,261.6502086
8/17/2017 0:00,340280.2373,126885.8844,75395.79067,51565.85809,23119.87311,275.90962
8/18/2017 0:00,329919.0593,130705.6991,76014.86939,52230.89046,21081.57723,263.6576026
8/19/2017 0:00,358845.3315,128001.9613,76688.17809,51647.13832,22869.6736,263.4214774
8/20/2017 0:00,360840.2212,121655.0821,77599.47015,51468.14331,21519.10928,283.5200465
8/21/2017 0:00,344091.5861,132299.889,77755.59688,52891.00357,22545.45694,276.8135934
8/22/2017 0:00,346019.13,126136.41,74093.37,53905.12,22169.11,274.91
8/23/2017 0:00,366991.3495,119160.8409,69054.00243,52752.40124,21877.16631,268.5358792
8/24/2017 0:00,355892.2507,114216.1448,72605.36532,54174.55736,20942.83022,279.9208652
8/25/2017 0:00,357021.7329,117120.5618,68660.54696,54211.51973,21832.66883,275.8166601
8/26/2017 0:00,359925.8584,116220.0672,72438.83243,53499.45035,20608.79863,272.6928878
8/27/2017 0:00,350348.8062,119698.9661,68458.49961,53420.25786,21990.52665,283.9063802
8/28/2017 0:00,355600.5976,113953.4387,72606.52161,51336.28322,21363.59592,288.4816022
8/29/2017 0:00,357729.31,118494.06,71842.65,52807.61,21449.5,274.91
8/30/2017 0:00,369340.8913,101936.001,65644.8122,52137.9765,21220.26675,269.8487367
8/31/2017 0:00,364736.1782,108496.2166,70653.98981,52797.5942,20249.97194,275.3852317
9/1/2017 0:00,381959.7333,102958.681,69581.43245,50851.84766,19841.50319,275.6431897
9/2/2017 0:00,376376.5005,103380.0268,66539.84204,52805.89877,19817.07457,281.1467388
9/3/2017 0:00,377476.3603,111236.6824,67500.21737,54978.60167,20282.85825,272.0120121
9/4/2017 0:00,358818.2601,105431.1197,69334.23929,50923.07019,21290.80898,283.4303035
9/5/2017 0:00,372458.3,107248.21,68790.96,53486.95,20338.84,274.8
9/6/2017 0:00,288798.576,171381.256,92136.75303,53209.74394,20668.67796,288.0269082
9/7/2017 0:00,298777.7678,175279.3666,96779.57353,55447.60952,19541.60507,269.9783563
9/8/2017 0:00,290157.1455,164346.664,97449.95051,55452.03449,21168.27109,283.0175277
9/9/2017 0:00,271955.2782,169280.1376,94993.61789,54336.16055,20122.09764,278.4282942
9/10/2017 0:00,297091.4822,171540.5504,96604.99102,57594.05825,19795.72372,266.8529468
9/11/2017 0:00,284203.9521,172352.5467,96445.32905,54208.27087,20990.60257,287.788382
9/12/2017 0:00,285178.26,167256.06,93866.42,55583.04,20439.48,274.8
9/13/2017 0:00,252206.8555,203018.0649,109850.3963,53154.14327,8755.955312,284.1242181
9/14/2017 0:00,260182.6333,192337.7448,112688.0056,52896.45701,8935.09005,297.6380929
9/15/2017 0:00,253736.0805,193829.9844,110151.5401,52207.72615,8267.756326,302.6796773
9/16/2017 0:00,256796.009,188979.5756,114009.5497,52202.40051,8954.411849,279.0026519
9/17/2017 0:00,250655.7177,207208.2482,108937.5989,49537.96417,8656.178582,279.5808094
9/18/2017 0:00,249789.5297,198867.2698,105499.6751,51622.40239,8950.859752,287.5577828
9/19/2017 0:00,253761.82,197445.54,110731.47,51798.79,8567.41,293.03
9/20/2017 0:00,274725.4888,202406.8796,84394.66903,36922.72222,7722.741043,306.8696869
9/21/2017 0:00,294068.6162,204027.6835,82595.78889,35649.67774,7638.194762,305.4654123
9/22/2017 0:00,272948.8915,202442.8016,90576.90421,36486.1796,7792.042223,285.056668
9/23/2017 0:00,281558.1142,212247.3545,83521.34812,35865.32826,7728.311457,299.3865334
9/24/2017 0:00,283413.5237,201810.1704,84840.23285,39002.07906,7619.516039,307.4338775
9/25/2017 0:00,275137.5689,216835.6159,84951.2219,36055.53223,7848.670548,285.4005771
9/26/2017 0:00,282505.15,208253.91,86485.63,37387.35,7672.95,293.04
9/27/2017 0:00,286317.3563,178581.3726,117730.5612,34318.01743,7237.960451,0
9/28/2017 0:00,297891.9075,177053.2235,119223.3063,36016.74103,7072.472912,0
9/29/2017 0:00,275551.2846,183605.538,115240.8339,36130.85303,7718.771459,0
9/30/2017 0:00,290938.3363,185217.0007,118028.9643,34849.81945,7462.428212,0
10/1/2017 0:00,294791.3003,184953.7259,111662.9221,37609.04658,7602.164098,0
10/2/2017 0:00,278013.3522,186505.4278,118838.4339,34332.50663,7331.04562,0
10/3/2017 0:00,285736.53,177879.78,115625.9,35943.52,7412.32,0
10/4/2017 0:00,317863.8536,169479.8571,116288.0263,35166.39127,5620.461826,0
10/5/2017 0:00,297226.8042,174922.1276,113988.3732,35399.30466,5659.37886,0
10/6/2017 0:00,294617.2252,164429.6876,115696.6856,33905.73644,5547.613009,0
10/7/2017 0:00,305264.4372,161237.8837,113725.0765,33589.17255,5564.256965,0
10/8/2017 0:00,313918.0407,173050.6119,116131.1458,33023.64317,5372.132032,0
10/9/2017 0:00,300755.1335,170310.6743,108432.1314,33740.94854,5811.464025,0
10/10/2017 0:00,303677.79,168540.27,110986.63,33784.67,5608.69,0
10/11/2017 0:00,333045.3952,155549.7488,115845.1292,15981.3292,2896.923071,0
10/12/2017 0:00,323570.6966,152057.9153,116534.2953,15080.0932,2768.297884,0
10/13/2017 0:00,321584.8165,163481.9505,115986.1099,14854.87102,2666.226076,0
10/14/2017 0:00,348451.4392,160709.2512,108866.4873,15891.70757,2887.25904,0
10/15/2017 0:00,349999.377,151900.5502,111154.0179,15872.94327,2881.29915,0
10/16/2017 0:00,324274.0803,160812.6734,109202.4095,15230.64437,2758.848116,0
10/17/2017 0:00,335480.59,157208.72,111811.12,15310.2,2787.41,0
10/18/2017 0:00,352388.4492,152762.456,120553.0819,11900.8771,4769.746501,0
10/19/2017 0:00,351115.1255,149684.897,121319.7704,12389.29049,4429.283071,0
10/20/2017 0:00,346820.9561,152864.8585,120389.0011,12315.95324,4740.343434,0
10/21/2017 0:00,339216.1475,142481.7679,121923.0502,11592.77466,4663.938996,0
10/22/2017 0:00,344132.0185,148987.24,121287.2473,11731.0417,4753.013685,0
10/23/2017 0:00,346363.4151,145391.3842,121247.4596,12629.49661,4502.18985,0
10/24/2017 0:00,338446.21,148441.17,119109.53,12036.56,4564.59,0
10/25/2017 0:00,343253.5975,137927.5717,120143.8793,11583.81361,4691.65873,0
10/26/2017 0:00,337763.79,133911.8335,113186.3864,12361.36184,4443.934551,0
10/27/2017 0:00,367530.8246,138164.6233,112281.3255,11959.01477,4738.100213,0
10/28/2017 0:00,333869.3882,139280.9182,112681.2868,12537.23471,4468.619606,0
10/29/2017 0:00,365617.063,135694.0627,122134.0362,12060.95793,4518.117731,0
10/30/2017 0:00,354816.4278,141145.5941,113281.5343,11473.53106,4464.423177,0
10/31/2017 0:00,351398.54,136551.94,118046.41,12036.56,4564.59,0
11/1/2017 0:00,370781.1974,122233.7281,98536.60818,33746.6837,4743.085283,0
11/2/2017 0:00,373500.5489,127852.6244,95006.18151,33439.88989,4466.866636,0
11/3/2017 0:00,381181.3018,129427.8716,92841.01814,34343.26986,4604.054467,0
11/4/2017 0:00,379632.6897,125764.1503,95705.82576,31810.89902,4354.883937,0
11/5/2017 0:00,347610.3687,119536.1088,100245.0706,31715.6851,4516.684397,0
11/6/2017 0:00,375003.675,127151.2771,91711.89544,32591.48152,4436.270051,0
11/7/2017 0:00,365148.65,123678.04,96010.74,33196.05,4564.59,0
11/8/2017 0:00,349026.7657,128521.7789,81934.56799,50322.53308,4752.37555,0
11/9/2017 0:00,343925.7141,124950.1005,89337.8409,50319.72751,4411.595022,0
11/10/2017 0:00,366869.6587,128758.0464,82445.23623,49013.077,4375.738807,0
11/11/2017 0:00,350158.8035,126778.2396,83183.36836,50557.8739,4782.942914,0
11/12/2017 0:00,355078.832,129239.0798,82386.16884,48625.13304,4732.807172,0
11/13/2017 0:00,368434.4627,118813.1625,84491.25779,46292.9793,4580.330477,0
11/14/2017 0:00,361038.46,123189.46,85126.48,48679.05,4564.59,0
11/15/2017 0:00,369159.1252,110332.3047,88993.28212,51590.80146,4583.269969,0
11/16/2017 0:00,350677.0095,118946.4801,88418.9794,51610.0146,4764.21715,0
11/17/2017 0:00,371902.1542,119394.1155,88024.20169,52289.51795,4740.399278,0
11/18/2017 0:00,345035.5681,119147.6001,88123.77188,56532.26456,4662.078199,0
11/19/2017 0:00,347500.9636,112559.241,86791.30554,52144.53629,4704.86697,0
11/20/2017 0:00,370941.4266,112410.5177,85143.13332,55378.50663,4635.002519,0
11/21/2017 0:00,361995.02,116128.74,85795.6,54114.1,4564.59,0
11/22/2017 0:00,354593.2901,107316.7892,94094.5895,51727.01727,12524.9845,0
11/23/2017 0:00,354969.7934,108405.3067,90083.31285,48259.04491,11792.66447,0
11/24/2017 0:00,375948.4344,114113.7591,91093.35916,51942.38747,12552.05163,0
11/25/2017 0:00,365432.9245,106980.6454,89467.64728,50597.64625,12661.10725,0
11/26/2017 0:00,362748.9912,111395.9162,92468.69064,51596.95725,11775.81545,0
11/27/2017 0:00,353575.4634,106315.153,93402.70174,48168.75927,12444.26169,0
11/28/2017 0:00,359943.3,109117.27,91465.52,49711.66,12360.3,0
11/29/2017 0:00,297234.0063,164893.3762,98217.24188,56911.70253,17904.93346,0
11/30/2017 0:00,272290.4061,173799.9306,100535.4014,53878.32763,18757.64161,0
12/1/2017 0:00,273600.9053,171599.162,94253.99407,57454.79277,18266.1133,0
12/2/2017 0:00,292536.5758,162123.7956,101335.3057,55032.21146,18478.635,0
12/3/2017 0:00,289203.8605,174461.9155,99317.39153,54500.43326,18821.00473,0
12/4/2017 0:00,288476.4221,166724.643,97393.22311,53387.10629,18718.66889,0
12/5/2017 0:00,283574.89,169245.49,96567.72,54754.29,18455.67,0
12/6/2017 0:00,254349.6972,205560.8732,89751.44153,52024.90986,27295.89229,0
12/7/2017 0:00,239217.5602,211818.0686,89429.84004,54097.82551,29124.70522,0
12/8/2017 0:00,234117.004,194043.0397,91214.42853,54783.31243,29075.54835,0
12/9/2017 0:00,254269.208,199118.6012,90190.72532,54933.14174,26829.73463,0
12/10/2017 0:00,237503.6982,205047.044,88431.15733,54686.12421,28868.05107,0
12/11/2017 0:00,246572.4954,195971.7682,88993.36278,53280.85674,27768.68597,0
12/12/2017 0:00,245977.29,203218.49,92221.19,53173.39,28007.68,0
12/13/2017 0:00,218501.9834,238034.8777,95864.43235,62013.7686,19665.23126,0
12/14/2017 0:00,199877.5971,225523.9334,94139.27107,60487.60607,18869.4274,0
12/15/2017 0:00,215694.0045,236983.554,94140.8033,63628.34419,18466.83577,0
12/16/2017 0:00,201867.4508,229452.2732,96760.73387,62768.01021,18441.54936,0
12/17/2017 0:00,203903.1799,226078.1326,103418.7482,63435.25487,18365.05683,0
12/18/2017 0:00,213345.671,243386.197,96793.14981,60249.24672,18421.22971,0
12/19/2017 0:00,209337.03,233028.2,99051.77,62261.23,18919.83,0
12/20/2017 0:00,208857.6183,235184.5613,126679.1568,35786.76858,6939.032203,0
12/21/2017 0:00,221327.2432,245346.4075,119763.9202,35079.24779,6770.214309,0
12/22/2017 0:00,227079.9346,239757.2031,121435.898,34980.06809,6706.199209,0
12/23/2017 0:00,219903.7844,234894.6187,122286.5635,33312.17399,6915.471087,0
12/24/2017 0:00,228555.5078,248066.7432,124238.5855,34918.44677,6895.087151,0
12/25/2017 0:00,209132.3673,249819.0539,121037.1114,33216.17831,7032.006742,0
12/26/2017 0:00,219049.91,240843.79,121864.92,34114.5,6724.95,0
12/27/2017 0:00,220212.2448,225316.7771,113016.1238,44010.91565,6892.705114,0
12/28/2017 0:00,206924.1387,238606.8368,119524.5056,43256.58705,6442.570051,0
12/29/2017 0:00,213818.9524,237989.6205,123151.2472,46812.12555,6987.953451,0
12/30/2017 0:00,210905.5534,235155.1095,121651.1563,45759.33833,6964.44592,0
12/31/2017 0:00,222469.9852,243720.9239,121942.6932,46191.50129,7019.230362,0
1/1/2018 0:00,208299.1067,237552.1017,120583.9259,46184.18148,7043.706399,0
1/2/2018 0:00,217581.38,234812.99,118477.09,45001.67,6724.95,0
1/3/2018 0:00,218229.4836,243993.8233,114321.2638,45648.43177,6715.381405,0
1/4/2018 0:00,220931.4261,237492.6946,118138.6593,45000.83575,6769.05733,0
1/5/2018 0:00,220403.2186,230816.7109,121190.7672,42948.89196,6707.002387,0
1/6/2018 0:00,220429.6484,237289.1366,120494.7664,47107.45974,6668.42028,0
1/7/2018 0:00,225620.0402,240721.9515,121282.1737,47038.64092,6587.143092,0
1/8/2018 0:00,211803.7539,223352.0262,116950.3659,45074.41762,6755.281856,0
1/9/2018 0:00,217341.89,233912.11,119661.79,44957.33,6724.95,0
1/10/2018 0:00,218101.1877,249377.1418,120367.8671,51230.45726,2168.007025,0
1/11/2018 0:00,202162.0356,230817.9456,118123.4664,49656.32999,2155.726743,0
1/12/2018 0:00,209121.0485,253840.4444,113951.332,50217.93671,2090.368758,0
1/13/2018 0:00,216366.5344,250062.8295,115583.7746,51106.51349,2154.071364,0
1/14/2018 0:00,201642.9861,239652.2875,112360.5388,49865.67818,2226.55306,0
1/15/2018 0:00,214209.0231,236056.6741,116844.71,47878.52179,2187.751417,0
1/16/2018 0:00,211947.8,242910.15,116606.14,48973.6,2160.36,0
1/17/2018 0:00,209197.9448,227638.0646,129525.1611,47708.48217,2267.55542,0
1/18/2018 0:00,219609.5677,233197.1948,125881.0804,47686.1943,2237.715695,0
1/19/2018 0:00,209139.6864,225849.3995,122429.8923,46413.46952,2246.990105,0
1/20/2018 0:00,229327.2425,232558.9551,133513.7358,48712.6129,2072.976953,0
1/21/2018 0:00,222080.1372,228062.0906,131032.8287,48380.31617,2213.740571,0
1/22/2018 0:00,227592.0627,229498.2569,134340.4231,48848.88316,2231.19684,0
1/23/2018 0:00,219940.52,225188.43,128363.37,46945.36,2160.36,0
1/24/2018 0:00,235869.2657,213046.4187,130070.7793,47274.74822,2233.211658,0
1/25/2018 0:00,237788.1912,208848.6125,132050.0782,44862.54685,2064.069878,0
1/26/2018 0:00,227361.1245,210392.3015,138282.0993,46868.4312,2121.688054,0
1/27/2018 0:00,233399.5934,195542.8023,130172.5148,48705.62572,2233.778804,0
1/28/2018 0:00,232562.3018,209175.7296,133142.0928,48276.2999,2080.524777,0
1/29/2018 0:00,240149.6816,200259.9681,132405.2852,45805.66976,2216.431352,0
1/30/2018 0:00,234054.91,203345.95,136091.45,46945.37,2160.36,0
1/31/2018 0:00,224457.8055,197519.0517,141499.2333,46837.68862,2105.545897,0
2/1/2018 0:00,241139.1217,197999.5153,147391.1753,48358.13543,2251.988203,0
2/2/2018 0:00,239446.8439,198869.7687,151703.6206,45053.99275,2074.451111,0
2/3/2018 0:00,226158.0816,192820.6898,144756.7036,47379.78718,2077.108194,0
2/4/2018 0:00,229426.5866,189982.8093,148878.9249,47617.69344,2154.000483,0
2/5/2018 0:00,237681.7705,205225.1703,151039.4778,45445.32731,2172.600012,0
2/6/2018 0:00,229987.24,197488.33,145794.52,47167.61,2160.36,0
2/7/2018 0:00,273932.6746,171230.657,140794.6321,47346.51589,5357.972811,0
2/8/2018 0:00,269658.8892,174443.4394,141546.8951,45374.24737,5239.893331,0
2/9/2018 0:00,257536.2114,174245.5996,133878.4641,47774.58413,5141.88594,0
2/10/2018 0:00,274986.8112,169614.685,136363.9283,44622.58872,5220.203319,0
2/11/2018 0:00,279565.3295,171942.8117,141247.0333,46250.67283,5214.440369,0
2/12/2018 0:00,274974.6252,163889.12,140485.2755,45226.61537,4961.645921,0
2/13/2018 0:00,267224.79,166149.49,137997.25,46067.44,5159.09,0
2/14/2018 0:00,275293.7365,160824.7371,138692.1827,40028.36736,4436.338533,0
2/15/2018 0:00,294847.0475,155524.1266,132955.7931,39266.63383,4455.784142,0
2/16/2018 0:00,278582.2535,153986.9844,139105.9878,40945.89519,4573.697937,0
2/17/2018 0:00,292731.344,162696.1212,135804.5514,40671.94149,4454.485997,0
2/18/2018 0:00,284385.9058,159146.5861,128474.5026,41061.1806,4587.616621,0
2/19/2018 0:00,285665.2272,152387.0781,128579.2315,41354.6797,4676.285004,0
2/20/2018 0:00,286930.65,157051.64,132999.36,41009.6,4606.78,0
2/21/2018 0:00,335730.7557,159919.7396,93361.61794,15878.86193,0,0
2/22/2018 0:00,338690.8046,167924.5829,95613.14103,15350.18869,0,0
2/23/2018 0:00,347854.3615,158942.1208,98977.80305,14913.69339,0,0
2/24/2018 0:00,360064.0283,165652.7467,92972.63592,15564.92765,0,0
2/25/2018 0:00,335228.2179,159838.0068,98681.97865,15509.23911,0,0
2/26/2018 0:00,357132.2217,165476.1513,95155.16951,16207.68435,0,0
2/27/2018 0:00,348673.93,162543.52,95918.53,15462.09,0,0
2/28/2018 0:00,391277.6438,152410.366,75045.94112,16176.83766,0,0
3/1/2018 0:00,381532.8472,146598.0196,77832.766,14902.21079,0,0
3/2/2018 0:00,369023.1028,152046.1193,74121.44885,15296.44155,0,0
3/3/2018 0:00,370546.2861,145898.1996,71302.14513,15980.5328,0,0
3/4/2018 0:00,378205.6665,145701.5909,73498.13432,14797.52883,0,0
3/5/2018 0:00,400219.2831,152815.1771,71917.79265,15277.43224,0,0
3/6/2018 0:00,381477.72,151439.9,74162.66,15517.76,0,0
3/7/2018 0:00,390074.5306,155093.7399,71258.50391,19179.1158,0,0
3/8/2018 0:00,391245.7325,144419.3329,69542.71965,18242.68016,0,0
3/9/2018 0:00,389091.3479,149546.1588,70227.99736,19457.46268,0,0
3/10/2018 0:00,380335.4452,146019.7793,75011.96205,19524.0597,0,0
3/11/2018 0:00,384674.6721,157035.7615,72960.50703,18125.33844,0,0
3/12/2018 0:00,370520.9457,155207.479,74917.12671,17838.60972,0,0
3/13/2018 0:00,381442.04,150833.72,71673.88,18648.41,0,0
3/14/2018 0:00,435623.2395,107411.4498,59634.04536,19290.42178,0,0
3/15/2018 0:00,412645.6371,115990.9157,62683.64448,19540.96175,0,0
3/16/2018 0:00,447090.2201,116793.1694,59945.20945,19115.07347,0,0
3/17/2018 0:00,422445.1548,107778.79,57078.4611,18261.00432,0,0
3/18/2018 0:00,435093.154,112276.5446,60554.55679,18811.22835,0,0
3/19/2018 0:00,439262.804,116618.6145,57104.73875,17927.01383,0,0
3/20/2018 0:00,431381,112788.04,59780.62,18648.41,0,0
3/21/2018 0:00,430287.5384,99130.27176,63873.88649,13385.68358,0,0
3/22/2018 0:00,460555.0576,95067.69953,62084.32027,13717.36096,0,0
3/23/2018 0:00,460808.5749,96917.67928,64356.098,12877.00348,0,0
3/24/2018 0:00,449241.7135,95881.69198,63004.27889,12816.03363,0,0
3/25/2018 0:00,441717.7188,98367.2815,65024.93759,13970.07479,0,0
3/26/2018 0:00,430525.6074,97655.25627,62029.2029,13943.14055,0,0
3/27/2018 0:00,450205.85,96238.36,62750.03,13403.81,0,0
3/28/2018 0:00,455642.6285,93722.99195,53740.20142,12164.04197,0,0
3/29/2018 0:00,450719.4317,87188.03762,56554.0444,12548.19779,0,0
3/30/2018 0:00,476651.4957,85565.2896,53300.27036,11945.53844,0,0
3/31/2018 0:00,483441.2253,88189.09762,54225.92486,12394.31775,0,0
4/1/2018 0:00,443647.3906,93498.40478,53339.65863,12370.89591,0,0
4/2/2018 0:00,462967.6206,92497.10488,56682.07686,12460.93771,0,0
4/3/2018 0:00,465766.04,89437.34,54826.48,12568.19,0,0
4/4/2018 0:00,462184.3048,90089.68982,56263.61857,13153.62759,0,0
4/5/2018 0:00,459643.0018,84084.52687,54901.45937,12419.20049,0,0
4/6/2018 0:00,455008.6075,83785.25481,55992.74599,12783.96269,0,0
4/7/2018 0:00,479694.2011,86528.27904,55676.41271,12787.43069,0,0
4/8/2018 0:00,479876.3918,90044.37736,54683.42484,13088.36327,0,0
4/9/2018 0:00,480782.9188,88644.07391,53934.58194,12395.98894,0,0
4/10/2018 0:00,468526.88,87274.8,54228.21,12568.16,0,0
4/11/2018 0:00,481177.8536,71209.37987,51867.27712,0,0,0
4/12/2018 0:00,474888.9787,71672.31759,52082.03296,0,0,0
4/13/2018 0:00,490117.1364,67491.03538,56226.46937,0,0,0
4/14/2018 0:00,494833.8072,69286.09969,56107.57714,0,0,0
4/15/2018 0:00,512373.9899,70402.1064,55534.83951,0,0,0
4/16/2018 0:00,481785.944,71991.49945,52276.78082,0,0,0
4/17/2018 0:00,498631.66,69948.29,54018.1,0,0,0
4/18/2018 0:00,501309.2119,71581.5492,57915.91181,0,0,0
4/19/2018 0:00,517050.9017,67474.16771,61941.7609,0,0,0
4/20/2018 0:00,483486.6931,66749.61464,57237.54529,0,0,0
4/21/2018 0:00,483369.2744,68144.66647,61878.82752,0,0,0
4/22/2018 0:00,489007.5909,66097.76926,56784.79285,0,0,0
4/23/2018 0:00,499804.2287,71531.09032,59403.39393,0,0,0
4/24/2018 0:00,494130.32,69417,59050.72,0,0,0
4/25/2018 0:00,455552.7996,86327.84388,63197.91565,2348.260732,0,0
4/26/2018 0:00,468696.4897,91718.31701,64763.63054,2459.33481,0,0
4/27/2018 0:00,453310.0849,92065.47251,60862.0465,2468.741141,0,0
4/28/2018 0:00,473612.1145,92366.65814,61568.41364,2535.355999,0,0
4/29/2018 0:00,476540.5912,87935.50731,65099.60605,2379.668243,0,0
4/30/2018 0:00,471952.5206,86274.19679,61066.26869,2337.384067,0,0
5/1/2018 0:00,468089.91,89651.23,62413.44,2443.48,0,0
5/2/2018 0:00,415578.1112,148190.8238,62178.31412,2426.762385,0,0
5/3/2018 0:00,395982.7359,144690.7181,58461.3964,2340.882867,0,0
5/4/2018 0:00,414726.963,148353.2951,64415.32176,2503.259786,0,0
5/5/2018 0:00,407249.4606,159284.6231,60451.98619,2333.757478,0,0
5/6/2018 0:00,422285.1645,155278.9782,60100.75453,2456.058303,0,0
5/7/2018 0:00,425366.3424,150877.0222,60039.84675,2453.776468,0,0
5/8/2018 0:00,406645.25,152139.02,61370.24,2443.54,0,0
5/9/2018 0:00,411030.1735,151164.3752,64360.45256,3746.41854,0,0
5/10/2018 0:00,404418.5132,155470.9986,68316.08367,3907.270442,0,0
5/11/2018 0:00,406051.5581,145415.0508,64298.24131,3868.342354,0,0
5/12/2018 0:00,394266.0237,157527.4572,69882.79794,3729.303582,0,0
5/13/2018 0:00,413267.66,151779.2176,69158.85682,3920.233938,0,0
5/14/2018 0:00,385935.1865,149812.1848,69846.13289,3897.469367,0,0
5/15/2018 0:00,400958.34,150236.26,67511.76,3891.71,0,0
5/16/2018 0:00,434082.5995,126372.7187,63627.03415,4845.378681,0,0
5/17/2018 0:00,412044.3864,130287.3503,64658.90912,4708.788759,0,0
5/18/2018 0:00,407042.9588,129746.2054,64265.9361,4532.061833,0,0
5/19/2018 0:00,433470.7555,124198.3153,63596.09606,4648.143467,0,0
5/20/2018 0:00,407427.2411,123421.5979,66730.12885,4735.422411,0,0
5/21/2018 0:00,440438.9903,131225.6298,67119.2929,4631.373224,0,0
5/22/2018 0:00,422933.99,128780.19,66147.15,4736.7,0,0
5/23/2018 0:00,407779.5731,128994.4877,63370.73789,10732.9718,0,0
5/24/2018 0:00,430847.0103,123411.4195,65316.44776,10983.89521,0,0
5/25/2018 0:00,409721.5722,123857.4836,68105.63632,10637.47612,0,0
5/26/2018 0:00,410913.113,122561.0929,63150.81037,10647.24764,0,0
5/27/2018 0:00,402000.4728,129694.8778,68912.2902,10934.9025,0,0
5/28/2018 0:00,432214.8456,126695.8894,62460.83209,10875.37562,0,0
5/29/2018 0:00,418157.12,127872.04,65631.94,10936.97,0,0
5/30/2018 0:00,413505.7366,140084.5471,67557.11122,12405.24912,0,0
5/31/2018 0:00,400790.5788,141963.1245,68057.04059,11959.64833,0,0
6/1/2018 0:00,413781.8486,139846.6795,70062.69978,12032.97157,0,0
6/2/2018 0:00,399566.0745,142378.6664,66589.69359,12757.02147,0,0
6/3/2018 0:00,409535.2137,144837.8498,71229.137,11783.09466,0,0
6/4/2018 0:00,386982.7847,142580.4351,68216.73585,12665.99031,0,0
6/5/2018 0:00,399576.91,142086.07,68740.64,12194.42,0,0
6/6/2018 0:00,393322.979,150142.0929,68644.12357,13203.02234,0,0
6/7/2018 0:00,376591.9629,149167.7015,69984.57042,13543.8263,0,0
6/8/2018 0:00,404744.6208,146189.755,70204.22406,13910.98103,0,0
6/9/2018 0:00,409136.2763,139050.9461,69457.72758,12781.19641,0,0
6/10/2018 0:00,389881.5454,150126.4427,71340.98411,12889.81209,0,0
6/11/2018 0:00,389463.0342,138819.9089,70219.10594,12711.9947,0,0
6/12/2018 0:00,393896.16,145077.15,70291.42,13333.32,0,0
6/13/2018 0:00,422769.6184,144332.2819,43970.20101,16491.09534,0,0
6/14/2018 0:00,416924.8683,139782.9344,40759.48533,16619.56407,0,0
6/15/2018 0:00,426463.4265,139649.5486,41210.22508,16496.13296,0,0
6/16/2018 0:00,435155.1467,146542.867,43629.43225,16143.40774,0,0
6/17/2018 0:00,411078.264,140169.0826,40929.52348,17106.70221,0,0
6/18/2018 0:00,437540.3675,146297.0446,43696.08263,16878.43788,0,0
6/19/2018 0:00,420226.19,142660.96,42737.85,16973.04,0,0
6/20/2018 0:00,420905.2039,130528.6269,46980.86902,17036.59415,0,0
6/21/2018 0:00,427021.8443,132188.6366,46027.45943,16908.04317,0,0
6/22/2018 0:00,434958.117,135854.9106,44546.59688,16564.04384,0,0
6/23/2018 0:00,437531.382,136202.4762,46139.58771,16707.48876,0,0
6/24/2018 0:00,408783.7423,128493.5746,45231.40676,15871.17238,0,0
6/25/2018 0:00,446603.6509,130312.1954,45773.61562,16116.30368,0,0
6/26/2018 0:00,428001.26,131607.02,46384.94,16604.82,0,0
6/27/2018 0:00,436237.7937,111506.6399,47961.04728,17291.91257,0,0
6/28/2018 0:00,431705.5944,110259.7499,46681.25735,17454.44155,0,0
6/29/2018 0:00,454523.9839,110256.622,45730.04133,17807.42705,0,0
6/30/2018 0:00,445452.8676,102862.0315,45965.3703,17038.6226,0,0
7/1/2018 0:00,459710.3363,107632.4586,48158.80283,16966.584,0,0
7/2/2018 0:00,436698.2596,101988.0069,48789.50116,17167.81878,0,0
7/3/2018 0:00,450609.97,106825.58,47826.14,17336.35,0,0
7/4/2018 0:00,476096.0516,79510.26106,51930.88594,14016.76417,5959.819279,0
7/5/2018 0:00,491275.0801,76484.32427,49884.14698,13642.44101,5634.967212,0
7/6/2018 0:00,474546.064,83238.17584,50103.67545,13435.20445,5758.338411,0
7/7/2018 0:00,473320.0825,80487.17765,50115.61123,14122.3861,5793.299058,0
7/8/2018 0:00,481039.7965,82912.80711,52435.15272,13310.85476,5983.46339,0
7/9/2018 0:00,454928.7327,77709.09993,52259.74061,13611.65874,5874.561759,0
7/10/2018 0:00,472521.84,80431.27,49970.09,13947.86,5726.98,0
7/11/2018 0:00,451678.3936,80222.13204,50149.25969,13156.70017,7406.972242,0
7/12/2018 0:00,477632.1424,85650.39291,48838.70931,13413.98842,7719.632809,0
7/13/2018 0:00,481164.7612,85493.048,47566.10295,12687.67962,7330.370075,0
7/14/2018 0:00,483438.7366,87714.6342,48984.29327,13228.8031,7400.201164,0
7/15/2018 0:00,483565.0045,79994.37571,48587.33222,13135.80368,7828.863977,0
7/16/2018 0:00,455949.4007,79649.87287,50992.54924,13032.19535,7673.557484,0
7/17/2018 0:00,468298.26,83622.22,49697.62,13315.28,7664.66,0
7/18/2018 0:00,415601.7265,101869.119,48652.02713,23200.19634,10893.09768,0
7/19/2018 0:00,438602.8867,106190.9117,49958.40294,23529.67919,10877.24537,0
7/20/2018 0:00,423639.7658,102218.0541,48495.57626,23203.20089,11576.36124,0
7/21/2018 0:00,448162.6121,106280.52,49660.453,22864.43696,11581.94225,0
7/22/2018 0:00,448999.321,104441.7116,51997.2749,21973.15349,11070.44437,0
7/23/2018 0:00,422109.2575,107711.4003,50402.80015,22970.36335,11634.35907,0
7/24/2018 0:00,434236.7,104473.55,50097.29,22469.07,11321.45,0
7/25/2018 0:00,448089.5794,94425.17916,64080.21728,13746.859,13199.45772,0
7/26/2018 0:00,451391.376,94296.29972,68575.669,13519.60749,13214.72975,0
7/27/2018 0:00,415497.3693,96063.08129,69359.71789,14111.67965,12962.97213,0
7/28/2018 0:00,417591.714,93798.81896,65236.67085,13553.11597,12157.51059,0
7/29/2018 0:00,430316.8688,97427.88471,66828.28317,14077.94901,13123.98773,0
7/30/2018 0:00,447189.7876,95785.41172,63665.81625,13721.23314,12837.69129,0
7/31/2018 0:00,433214.58,96651.07,66592.63,13498.47,12641.29,0
8/1/2018 0:00,406986.3362,105283.1492,70598.78826,21575.20343,13637.86784,166.0930342
8/2/2018 0:00,408393.5739,98330.78615,68617.56081,23739.21552,14506.16606,154.8983474
8/3/2018 0:00,410659.3697,104371.4378,70816.1172,23725.07537,13560.51548,153.06329
8/4/2018 0:00,398037.1762,105846.3355,66730.39901,22378.61771,14186.16762,168.8172443
8/5/2018 0:00,426829.0842,106631.7742,66904.39798,23637.07216,13893.7246,166.2376028
8/6/2018 0:00,414773.5096,102305.8354,69231.69608,21918.65217,13464.68844,166.5207926
8/7/2018 0:00,414625.63,102616.89,68732.12,22636.11,13826.26,161.02
8/8/2018 0:00,349887.9632,147711.0168,71150.59905,28090.15624,14252.43143,3821.665116
8/9/2018 0:00,349051.3683,145722.3178,73216.25701,27528.64818,14273.78011,4004.153211
8/10/2018 0:00,374665.8076,152114.9194,73415.24909,27150.09336,14414.74422,3928.617112
8/11/2018 0:00,342573.3526,153492.2614,74139.81131,29369.58723,14669.77244,3906.186423
8/12/2018 0:00,372157.6924,150274.1061,73680.5294,29317.47116,14689.89185,3700.360516
8/13/2018 0:00,364605.3604,141367.8592,71296.02507,27223.1074,14339.75247,3734.488447
8/14/2018 0:00,356842.64,146383.25,73086.21,28074.55,14352.39,3859.02
8/15/2018 0:00,365814.5359,156863.8305,63501.60636,24607.11336,10416.94591,3289.137818
8/16/2018 0:00,358915.726,148454.7913,69193.7959,24339.5914,10036.28922,3380.194038
8/17/2018 0:00,357123.6657,147025.4484,63116.59721,25205.00613,10546.04639,3365.575265
8/18/2018 0:00,361682.0323,160602.2449,65307.04035,23864.84418,9641.321165,3385.099052
8/19/2018 0:00,362969.3899,147833.4013,65637.95504,24505.46713,9598.100532,3263.287425
8/20/2018 0:00,351189.8946,152477.0242,64917.8828,24272.76252,9665.828143,3191.915857
8/21/2018 0:00,365516.72,153359.12,65911.02,24516.82,10048.17,3246.21
8/22/2018 0:00,381555.0906,133397.2608,57520.31611,25066.09246,7237.11955,2858.704872
8/23/2018 0:00,382791.9386,133420.6166,58507.02889,26557.604,7384.015959,2763.054588
8/24/2018 0:00,401800.9825,135289.6062,58793.4787,25392.37093,7227.816289,2706.818437
8/25/2018 0:00,412659.3499,127620.8961,58358.55441,26462.69412,7302.42586,2651.107694
8/26/2018 0:00,408795.5084,133240.3297,61281.35891,26153.13757,7206.159124,2685.949607
8/27/2018 0:00,382854.4959,131009.0559,58525.37332,24622.02756,7512.554052,2781.673244
8/28/2018 0:00,396656.97,130968.57,59409.05,25440.29,7341.18,2781.99
8/29/2018 0:00,435352.0623,111996.4035,73454.09881,15936.83746,4831.651352,68.15860782
8/30/2018 0:00,433304.2664,108006.3576,70451.57249,16181.52354,4779.602755,67.24441543
8/31/2018 0:00,435308.3512,103730.7851,70166.25082,15560.10061,4599.771188,70.99389438
9/1/2018 0:00,401527.9936,113398.2553,73523.08507,16170.01247,4807.672789,68.56455577
9/2/2018 0:00,401705.3844,111248.5704,71641.24827,16590.9781,4739.181957,70.02406089
9/3/2018 0:00,410301.2972,109863.5329,69787.04104,16006.16009,4733.38767,66.31361766
9/4/2018 0:00,421714.76,108303.31,71632.63,16222.21,4655.94,69.2
9/5/2018 0:00,426120.5805,101153.744,62668.62463,17155.3523,2106.02197,55.00197333
9/6/2018 0:00,427559.2803,96078.48082,62033.80566,16060.82721,2132.26544,54.67755783
9/7/2018 0:00,463676.1015,99545.31369,59319.23419,16414.80147,2201.140032,57.53933862
9/8/2018 0:00,445355.9932,96443.3209,62589.3132,16054.17454,2103.166314,60.00610508
9/9/2018 0:00,433004.9289,98049.43011,57046.53354,17113.32262,2163.307782,59.70194764
9/10/2018 0:00,453928.7161,99624.11969,61363.12346,16755.1759,2276.390328,60.24791548
9/11/2018 0:00,446506,97183.41,59756.01,16896.84,2198.31,57.49
9/12/2018 0:00,455481.2596,93147.29476,63859.38491,21103.44068,2240.284056,58.81665471
9/13/2018 0:00,457517.1979,93420.24944,63837.83153,19887.65508,2245.747823,56.6655701
9/14/2018 0:00,426986.7327,92809.15573,63606.24422,21634.43161,2239.555625,54.88641172
9/15/2018 0:00,434950.3772,95807.12488,63189.69924,20345.63264,2116.116878,60.19851425
9/16/2018 0:00,436255.9496,95945.44479,58613.35237,21017.00179,2125.998362,54.95938038
9/17/2018 0:00,460526.7475,87748.00064,60168.15163,19895.5257,2231.056216,59.90679454
9/18/2018 0:00,446291.58,92197.98,61135.26,20717.44,2198.31,57.49
9/19/2018 0:00,430269.4036,92406.06761,60022.45491,19799.30852,2741.912041,59.57710982
9/20/2018 0:00,428511.1808,96060.27973,62767.61987,20620.28267,2774.006639,55.59919089
9/21/2018 0:00,435224.3631,91469.36364,57995.94284,20873.64731,2690.076749,58.47124075
9/22/2018 0:00,428460.8849,92343.03462,62723.79164,20419.70664,2798.497154,58.54306082
9/23/2018 0:00,464603.3531,92913.03683,57780.0705,20289.73686,2597.484314,55.92194837
9/24/2018 0:00,433839.392,89955.52901,62920.74889,19530.33501,2756.524342,56.8115809
9/25/2018 0:00,447174.56,92316.48,59947.24,20412.78,2689.51,57.49
9/26/2018 0:00,476784.281,80083.64061,60379.72586,18509.11264,2811.031113,55.98142879
9/27/2018 0:00,453467.048,79075.38541,60526.88703,17856.24717,2705.57252,55.0075298
9/28/2018 0:00,457626.2563,78421.29352,60797.32753,17459.67945,2591.040373,58.11713898
9/29/2018 0:00,442128.8948,75043.23255,62565.35313,17880.49923,2585.934145,58.46903396
9/30/2018 0:00,442767.241,81835.58759,57497.49334,18203.71806,2748.686584,59.9327238
10/1/2018 0:00,485574.792,75793.35607,61008.4073,17476.64131,2671.757595,57.54357581
10/2/2018 0:00,463001.45,78625.38,60344.7,17879.53,2689.51,57.49
10/3/2018 0:00,493519.8067,81719.39426,40269.43334,10629.40917,806.0475568,0
10/4/2018 0:00,499403.9844,79690.56275,38272.40635,10319.70337,812.9827166,0
10/5/2018 0:00,488210.7644,82547.08957,36667.70627,10908.51192,752.9256629,0
10/6/2018 0:00,484914.4134,77217.43056,37416.18843,10797.8514,766.8221792,0
10/7/2018 0:00,515819.0383,77343.75628,36887.97509,11307.66706,752.3264971,0
10/8/2018 0:00,469839.9206,80384.40095,37133.24033,10399.42275,798.9886093,0
10/9/2018 0:00,493050.81,79426.64,38512.69,10817.34,790.56,0
10/10/2018 0:00,537648.5038,61116.93376,28862.4582,6834.188174,287.0210903,0
10/11/2018 0:00,500191.5224,59547.5732,26718.2089,6985.848645,288.8298258,0
10/12/2018 0:00,523379.8007,58823.19619,28075.37333,7180.60802,279.5691125,0
10/13/2018 0:00,502559.9912,63185.94299,28425.24428,7006.446862,295.7973209,0
10/14/2018 0:00,547725.4762,59137.66727,28437.84894,6747.446916,284.3574086,0
10/15/2018 0:00,535781.5822,62234.72356,28129.70387,6857.288898,271.4171696,0
10/16/2018 0:00,526382.57,60896.26,28023.51,7012.4,283.3,0
10/17/2018 0:00,544112.4828,60787.93054,27613.9864,6733.254265,270.9814103,0
10/18/2018 0:00,502665.3069,61711.0373,26596.53325,7043.839462,284.6968069,0
10/19/2018 0:00,546698.7056,63639.35766,27135.12332,7039.400026,277.3891118,0
10/20/2018 0:00,504368.9269,61674.85873,27989.49756,7227.241901,287.3474032,0
10/21/2018 0:00,520249.2027,61551.35667,27392.17204,6828.899432,273.13815,0
10/22/2018 0:00,512348.8555,60159.9153,27567.65683,6997.929947,288.6495322,0
10/23/2018 0:00,526795.65,61789.66,26717.03,7012.4,283.3,0
10/24/2018 0:00,514930.884,64126.58821,17253.95714,5141.334055,0,0
10/25/2018 0:00,522349.4353,65123.88556,17087.98766,5082.501329,0,0
10/26/2018 0:00,512655.7538,63066.78386,16869.47009,4898.640736,0,0
10/27/2018 0:00,554464.1043,60432.73793,17807.90012,4750.36277,0,0
10/28/2018 0:00,564146.3205,62215.36807,17445.6077,4919.083527,0,0
10/29/2018 0:00,553707.0668,64346.51089,17865.22594,4915.400677,0,0
10/30/2018 0:00,537451.69,62585.37,17563.24,4997.74,0,0
10/31/2018 0:00,535994.6533,43792.14737,16145.90669,5107.870152,0,0
11/1/2018 0:00,558041.4004,45388.99972,16370.46221,5008.775371,0,0
11/2/2018 0:00,544638.4355,46813.50433,17453.35911,5232.304531,0,0
11/3/2018 0:00,530543.2337,43271.20088,17513.91105,4933.893392,0,0
11/4/2018 0:00,548700.6453,47208.12868,17402.27965,4861.554674,0,0
11/5/2018 0:00,575307.6213,46867.42171,16270.62094,4786.592358,0,0
11/6/2018 0:00,555617.55,45084.89,16897.87,4997.74,0,0
11/7/2018 0:00,577075.0878,43666.28588,22685.35729,0,0,0
11/8/2018 0:00,531733.1355,45935.77467,22215.9115,0,0,0
11/9/2018 0:00,531155.8925,44266.5591,21148.72987,0,0,0
11/10/2018 0:00,548717.1401,45976.39333,21213.35887,0,0,0
11/11/2018 0:00,544384.0524,42043.65917,22624.63868,0,0,0
11/12/2018 0:00,529799.0616,42076.51538,21155.70601,0,0,0
11/13/2018 0:00,556532.69,44226.95,21838.41,0,0,0
11/14/2018 0:00,539817.6485,33454.82138,20937.75191,0,0,0
11/15/2018 0:00,585778.5073,32903.8187,21331.02642,0,0,0
11/16/2018 0:00,593861.7106,34549.07151,21703.22669,0,0,0
11/17/2018 0:00,564015.2927,32693.49622,21087.17071,0,0,0
11/18/2018 0:00,572015.9085,32229.19404,21885.93965,0,0,0
11/19/2018 0:00,544458.8881,33129.38094,21940.87097,0,0,0
11/20/2018 0:00,566895.56,33864.09,21838.41,0,0,0
11/21/2018 0:00,538902.6889,42763.07332,23206.55589,0,0,0
11/22/2018 0:00,545106.8478,41893.51969,22014.68021,0,0,0
11/23/2018 0:00,530872.0189,44138.39252,22804.37018,0,0,0
11/24/2018 0:00,560623.0722,41321.29163,21238.4995,0,0,0
11/25/2018 0:00,530461.7224,41742.2654,21435.49544,0,0,0
11/26/2018 0:00,534799.7185,41459.38229,21267.76823,0,0,0
11/27/2018 0:00,558089.23,42192.03,22316.81,0,0,0
11/28/2018 0:00,591545.5708,32161.77066,11282.84207,0,0,0
11/29/2018 0:00,560542.6519,33633.59639,12255.20376,0,0,0
11/30/2018 0:00,556146.6545,32477.14435,11705.22416,0,0,0
12/1/2018 0:00,558862.5972,32354.9372,12278.21871,0,0,0
12/2/2018 0:00,605394.6873,32377.03074,11298.14873,0,0,0
12/3/2018 0:00,587025.9448,31298.38926,12158.3544,0,0,0
12/4/2018 0:00,578599.67,32179.25,11819.14,0,0,0
12/5/2018 0:00,574373.9081,29741.38345,13171.74841,0,0,0
12/6/2018 0:00,591717.5289,30029.71875,13815.63094,0,0,0
12/7/2018 0:00,587914.3165,30868.69487,13563.17974,0,0,0
12/8/2018 0:00,559677.7468,29482.00022,13318.59236,0,0,0
12/9/2018 0:00,560313.5825,31244.42103,13319.36601,0,0,0
12/10/2018 0:00,579365.3505,29461.72901,13849.87568,0,0,0
12/11/2018 0:00,578300.57,30577.71,13719.78,0,0,0
12/12/2018 0:00,572605.4856,30138.73965,14777.40311,0,0,0
12/13/2018 0:00,595498.5065,30765.39232,14468.61165,0,0,0
12/14/2018 0:00,593901.2533,28449.72867,15042.97027,0,0,0
12/15/2018 0:00,564840.6254,29548.05636,14552.43028,0,0,0
12/16/2018 0:00,551334.1081,29982.71044,13762.13423,0,0,0
12/17/2018 0:00,550922.9513,30999.01906,14941.04662,0,0,0
12/18/2018 0:00,578288.76,29848.8,14460.5,0,0,0
12/19/2018 0:00,587346.7629,31631.68907,14646.2902,0,0,0
12/20/2018 0:00,582950.6742,31616.57646,14894.12172,0,0,0
12/21/2018 0:00,565260.8652,33508.86166,15093.53436,0,0,0
12/22/2018 0:00,564067.3489,33032.36842,13981.82439,0,0,0
12/23/2018 0:00,549982.105,30924.03202,14023.9054,0,0,0
12/24/2018 0:00,596794.3992,31418.51888,14409.04728,0,0,0
12/25/2018 0:00,575789.85,32347.71,14460.5,0,0,0
12/26/2018 0:00,601644.5368,20019.53866,10689.29277,0,0,0
12/27/2018 0:00,600519.0465,21262.31209,10794.33426,0,0,0
12/28/2018 0:00,598002.353,20402.50551,10683.08344,0,0,0
12/29/2018 0:00,594074.9804,21059.5839,10853.71043,0,0,0
12/30/2018 0:00,609358.9078,21357.31298,10607.78736,0,0,0
12/31/2018 0:00,561945.7395,21596.92325,10598.43086,0,0,0
1/1/2019 0:00,590780.69,20871.66,10945.7,0,0,0
1/2/2019 0:00,605399.0647,25800.12797,3155.769296,0,0,0
1/3/2019 0:00,568179.1899,27207.34885,3117.900188,0,0,0
1/4/2019 0:00,602339.848,26151.74895,2979.625049,0,0,0
1/5/2019 0:00,582829.1526,26071.67994,3047.032376,0,0,0
1/6/2019 0:00,589178.121,27412.16567,3009.740438,0,0,0
1/7/2019 0:00,618602.7267,28325.2892,3068.999974,0,0,0
1/8/2019 0:00,592542.71,27015.76,3039.58,0,0,0
1/9/2019 0:00,574835.4588,25774.74094,3033.779038,0,0,0
1/10/2019 0:00,591423.3388,25463.01464,3057.558184,0,0,0
1/11/2019 0:00,604134.5673,25916.67204,3071.685231,0,0,0
1/12/2019 0:00,577803.6034,26967.68512,3028.132928,0,0,0
1/13/2019 0:00,600909.7087,26244.41195,3180.696754,0,0,0
1/14/2019 0:00,585326.0977,24845.58143,3049.184419,0,0,0
1/15/2019 0:00,593419.57,26138.9,3039.58,0,0,0
1/16/2019 0:00,609739.0389,26219.95803,3019.163088,0,0,0
1/17/2019 0:00,590716.1471,26447.32016,2982.774398,0,0,0
1/18/2019 0:00,612768.1965,26767.90424,3080.921069,0,0,0
1/19/2019 0:00,589349.7814,27287.02502,2888.236125,0,0,0
1/20/2019 0:00,572459.3952,26787.50651,3176.772295,0,0,0
1/21/2019 0:00,586546.591,25917.79176,3139.648684,0,0,0
1/22/2019 0:00,593419.57,26138.9,3039.58,0,0,0
1/23/2019 0:00,603241.8489,26719.64557,3036.479814,0,0,0
1/24/2019 0:00,602731.2485,26263.27439,3188.607531,0,0,0
1/25/2019 0:00,603108.5465,26918.11804,2999.731229,0,0,0
1/26/2019 0:00,592882.6695,25245.83031,2931.02724,0,0,0
1/27/2019 0:00,601273.4287,27113.83314,3030.719821,0,0,0
1/28/2019 0:00,582237.6771,25447.69474,2961.675468,0,0,0
1/29/2019 0:00,593419.57,26138.9,3039.58,0,0,0
1/30/2019 0:00,620431.2555,26139.57737,0,0,0,0
1/31/2019 0:00,590282.6981,25980.79948,0,0,0,0
2/1/2019 0:00,603868.5361,25990.68878,0,0,0,0
2/2/2019 0:00,609093.4331,26031.27753,0,0,0,0
2/3/2019 0:00,583046.6429,25859.94471,0,0,0,0
2/4/2019 0:00,587571.2831,27322.50703,0,0,0,0
2/5/2019 0:00,595566.54,27031.51,0,0,0,0
2/6/2019 0:00,579980.1415,20952.85175,0,0,0,0
2/7/2019 0:00,595483.444,21905.7779,0,0,0,0
2/8/2019 0:00,579045.0892,22323.46744,0,0,0,0
2/9/2019 0:00,585924.1662,22248.65277,0,0,0,0
2/10/2019 0:00,608651.6668,22314.80109,0,0,0,0
2/11/2019 0:00,629422.9874,22209.85863,0,0,0,0
2/12/2019 0:00,601259.42,21338.63,0,0,0,0
2/13/2019 0:00,627342.4387,22284.23869,0,0,0,0
2/14/2019 0:00,575628.3592,20881.59626,0,0,0,0
2/15/2019 0:00,599277.6018,22351.19684,0,0,0,0
2/16/2019 0:00,587488.24,22413.84509,0,0,0,0
2/17/2019 0:00,631124.2774,20989.36538,0,0,0,0
2/18/2019 0:00,585478.6706,20879.96402,0,0,0,0
2/19/2019 0:00,601193.37,21404.68,0,0,0,0
2/20/2019 0:00,603315.1032,7630.952774,0,0,0,0
2/21/2019 0:00,617705.4131,7743.03004,0,0,0,0
2/22/2019 0:00,586103.0585,7519.584606,0,0,0,0
2/23/2019 0:00,624009.6299,7331.85213,0,0,0,0
2/24/2019 0:00,587929.8975,7216.898131,0,0,0,0
2/25/2019 0:00,586333.167,7072.374483,0,0,0,0
2/26/2019 0:00,615186.11,7411.94,0,0,0,0
2/27/2019 0:00,612804.7155,7406.79534,0,0,0,0
2/28/2019 0:00,634133.9216,7476.581599,0,0,0,0
3/1/2019 0:00,638716.6857,7741.306139,0,0,0,0
3/2/2019 0:00,627884.0607,7258.499604,0,0,0,0
3/3/2019 0:00,591025.0171,7398.977899,0,0,0,0
3/4/2019 0:00,598201.8562,7430.908005,0,0,0,0
3/5/2019 0:00,615186.11,7411.94,0,0,0,0
3/6/2019 0:00,591239.6311,7193.246775,0,0,0,0
3/7/2019 0:00,637669.6097,7076.367559,0,0,0,0
3/8/2019 0:00,643560.4407,7264.925496,0,0,0,0
3/9/2019 0:00,592915.5192,7474.076177,0,0,0,0
3/10/2019 0:00,604299.3666,7222.363097,0,0,0,0
3/11/2019 0:00,615526.8663,7285.446429,0,0,0,0
3/12/2019 0:00,615186.11,7411.94,0,0,0,0
3/13/2019 0:00,608107.415,1228.951476,0,0,0,0
3/14/2019 0:00,608608.4728,1238.226158,0,0,0,0
3/15/2019 0:00,614875.6232,1188.441727,0,0,0,0
3/16/2019 0:00,625291.3382,1151.366491,0,0,0,0
3/17/2019 0:00,631987.0752,1240.434136,0,0,0,0
3/18/2019 0:00,618793.1143,1248.738383,0,0,0,0
3/19/2019 0:00,621404.39,1193.65,0,0,0,0
3/20/2019 0:00,631661.3523,0,0,0,0,0
3/21/2019 0:00,643154.7739,0,0,0,0,0
3/22/2019 0:00,623548.1557,0,0,0,0,0
3/23/2019 0:00,615622.8635,0,0,0,0,0
3/24/2019 0:00,605398.5,0,0,0,0,0
3/25/2019 0:00,627646.9384,0,0,0,0,0
3/26/2019 0:00,622598.05,0,0,0,0,0
3/27/2019 0:00,603570.4808,0,0,0,0,0
3/28/2019 0:00,594864.0524,0,0,0,0,0
3/29/2019 0:00,603652.6413,0,0,0,0,0
3/30/2019 0:00,651123.1043,0,0,0,0,0
3/31/2019 0:00,594345.7416,0,0,0,0,0
4/1/2019 0:00,644596.7853,0,0,0,0,0
4/2/2019 0:00,622598.05,0,0,0,0,0
4/3/2019 0:00,650651.0534,0,0,0,0,0
4/4/2019 0:00,593572.0567,0,0,0,0,0
4/5/2019 0:00,644248.161,0,0,0,0,0
4/6/2019 0:00,640032.7221,0,0,0,0,0
4/7/2019 0:00,600855.3394,0,0,0,0,0
4/8/2019 0:00,608070.4913,0,0,0,0,0
4/9/2019 0:00,622598.05,0,0,0,0,0
4/10/2019 0:00,623780.3436,0,0,0,0,0
4/11/2019 0:00,621339.4043,0,0,0,0,0
4/12/2019 0:00,635660.415,0,0,0,0,0
4/13/2019 0:00,610180.3432,0,0,0,0,0
4/14/2019 0:00,619400.1827,0,0,0,0,0
4/15/2019 0:00,638703.375,0,0,0,0,0
4/16/2019 0:00,622598.05,0,0,0,0,0
4/17/2019 0:00,638429.9249,12629.82915,0,0,0,0
4/18/2019 0:00,607108.5861,13497.1953,0,0,0,0
4/19/2019 0:00,590436.3393,12332.58815,0,0,0,0
4/20/2019 0:00,599008.6066,12624.7068,0,0,0,0
4/21/2019 0:00,596855.6445,12404.90716,0,0,0,0
4/22/2019 0:00,628197.1704,12875.92828,0,0,0,0
4/23/2019 0:00,609624.86,12973.2,0,0,0,0
4/24/2019 0:00,589464.6054,12966.47393,0,0,0,0
4/25/2019 0:00,585138.6713,12594.97407,0,0,0,0
4/26/2019 0:00,586059.1791,12345.14674,0,0,0,0
4/27/2019 0:00,592304.0097,12402.18513,0,0,0,0
4/28/2019 0:00,596787.3124,12140.31609,0,0,0,0
4/29/2019 0:00,599160.7878,12781.59193,0,0,0,0
4/30/2019 0:00,609842.24,12755.81,0,0,0,0
5/1/2019 0:00,611319.0078,7475.044104,0,0,0,0
5/2/2019 0:00,591637.4041,7052.361172,0,0,0,0
5/3/2019 0:00,601063.3186,7562.79288,0,0,0,0
5/4/2019 0:00,596037.1663,6923.630303,0,0,0,0
5/5/2019 0:00,596214.4904,7250.491784,0,0,0,0
5/6/2019 0:00,640410.0225,7309.275512,0,0,0,0
5/7/2019 0:00,615336.87,7261.19,0,0,0,0
5/8/2019 0:00,614519.5787,7193.077714,0,0,0,0
5/9/2019 0:00,605647.7471,7335.522965,0,0,0,0
5/10/2019 0:00,604703.7848,7118.582933,0,0,0,0
5/11/2019 0:00,613396.3445,7359.869922,0,0,0,0
5/12/2019 0:00,641692.0597,7153.081634,0,0,0,0
5/13/2019 0:00,638815.6805,7040.372673,0,0,0,0
5/14/2019 0:00,615336.87,7261.19,0,0,0,0
5/15/2019 0:00,613300.7677,23307.2726,0,0,0,0
5/16/2019 0:00,592550.8171,24281.05367,0,0,0,0
5/17/2019 0:00,581025.7922,23478.83566,0,0,0,0
5/18/2019 0:00,602060.7906,23939.51089,0,0,0,0
5/19/2019 0:00,569159.2579,23588.62263,0,0,0,0
5/20/2019 0:00,600966.0568,23697.35089,0,0,0,0
5/21/2019 0:00,599088.02,23510.02,0,0,0,0
5/22/2019 0:00,612001.8659,23662.50822,0,0,0,0
5/23/2019 0:00,583292.1463,23204.06265,0,0,0,0
5/24/2019 0:00,581779.3098,24199.68768,0,0,0,0
5/25/2019 0:00,577779.9759,22908.17199,0,0,0,0
5/26/2019 0:00,577964.7029,23109.89814,0,0,0,0
5/27/2019 0:00,583748.545,23908.22538,0,0,0,0
5/28/2019 0:00,599546.72,23051.34,0,0,0,0
5/29/2019 0:00,623341.5828,19242.68466,8267.008483,0,0,0
5/30/2019 0:00,615581.6174,19278.89478,8311.244559,0,0,0
5/31/2019 0:00,621873.8189,19002.66826,8518.484727,0,0,0
6/1/2019 0:00,578749.0107,18242.049,8035.592155,0,0,0
6/2/2019 0:00,599673.9251,18298.04213,8043.916434,0,0,0
6/3/2019 0:00,608138.1078,19363.41599,8567.033177,0,0,0
6/4/2019 0:00,595493.63,18761.36,8343.06,0,0,0
6/5/2019 0:00,600028.7666,24794.11526,12746.48077,0,0,0
6/6/2019 0:00,586302.1207,22960.23372,12269.17294,0,0,0
6/7/2019 0:00,591128.1088,25010.74361,12249.81168,0,0,0
6/8/2019 0:00,608726.7756,23558.51067,12318.81779,0,0,0
6/9/2019 0:00,603919.4839,24160.57575,12625.36058,0,0,0
6/10/2019 0:00,595898.6886,23079.22041,12762.53695,0,0,0
6/11/2019 0:00,586242.47,24070.7,12284.89,0,0,0
6/12/2019 0:00,607120.0552,29851.5826,10427.93771,4720.654725,0,0
6/13/2019 0:00,586857.1063,27657.75615,10912.84941,4760.315055,0,0
6/14/2019 0:00,583627.0312,28808.2993,10051.15627,4561.5702,0,0
6/15/2019 0:00,590275.0658,29235.16867,10315.39344,4740.461207,0,0
6/16/2019 0:00,597148.6183,29714.58724,10126.83536,4781.636414,0,0
6/17/2019 0:00,600008.9761,28242.56487,10065.8453,4665.757847,0,0
6/18/2019 0:00,578312.56,28971.83,10517.44,4796.23,0,0
6/19/2019 0:00,595503.4709,32759.11366,7696.735794,2623.438956,0,0
6/20/2019 0:00,552920.9797,33975.50246,7392.736616,2595.719239,0,0
6/21/2019 0:00,600509.5002,34973.72509,7304.9004,2671.082891,0,0
6/22/2019 0:00,572655.0774,35275.92919,7381.276934,2709.801473,0,0
6/23/2019 0:00,552157.977,35574.51461,7678.844024,2793.812931,0,0
6/24/2019 0:00,561623.3085,33996.91364,7442.492923,2647.293688,0,0
6/25/2019 0:00,578312.56,33994.79,7623.58,2667.14,0,0
6/26/2019 0:00,599099.7939,38833.99557,6046.483081,1685.648729,0,0
6/27/2019 0:00,584928.6755,38515.20389,5989.642435,1601.015261,0,0
6/28/2019 0:00,567457.0549,38362.94633,5728.234621,1600.861771,0,0
6/29/2019 0:00,561826.0889,40489.21926,5641.072428,1639.636454,0,0
6/30/2019 0:00,574570.8442,39822.57937,5692.350858,1624.341316,0,0
7/1/2019 0:00,581832.8566,39011.50442,5766.567988,1682.465383,0,0
7/2/2019 0:00,575126.99,39916.56,5869.94,1684.56,0,0
7/3/2019 0:00,605501.6947,34452.34649,5917.044025,1684.282366,0,0
7/4/2019 0:00,592441.2177,36120.37718,6097.402556,1612.81604,0,0
7/5/2019 0:00,559928.2724,35035.68143,5826.152906,1694.251313,0,0
7/6/2019 0:00,563212.8461,35416.88304,6166.912474,1603.078516,0,0
7/7/2019 0:00,600921.5771,34771.10499,6197.670646,1744.261748,0,0
7/8/2019 0:00,568195.4338,33214.27056,5898.868463,1720.347983,0,0
7/9/2019 0:00,579961.19,34883.9,6068.41,1684.56,0,0
7/10/2019 0:00,586940.2075,20984.99504,3179.888508,0,0,0
7/11/2019 0:00,594332.213,21892.03866,2922.407217,0,0,0
7/12/2019 0:00,608072.7916,21436.3205,2978.618995,0,0,0
7/13/2019 0:00,601775.2718,21243.60925,3050.648435,0,0,0
7/14/2019 0:00,582989.9912,20811.78146,3071.192839,0,0,0
7/15/2019 0:00,571618.5594,21563.45117,3044.130584,0,0,0
7/16/2019 0:00,598454.23,21071.53,3072.31,0,0,0
7/17/2019 0:00,608620.1613,36387.08567,764.2697425,0,0,0
7/18/2019 0:00,576909.1076,34779.39405,821.0430817,0,0,0
7/19/2019 0:00,571708.9483,36388.93123,782.5901297,0,0,0
7/20/2019 0:00,606703.7585,37540.67845,771.6765293,0,0,0
7/21/2019 0:00,556261.8278,34988.45436,787.4560907,0,0,0
7/22/2019 0:00,588062.5274,35897.24972,749.4796942,0,0,0
7/23/2019 0:00,585394.46,36417.9,785.69,0,0,0
7/24/2019 0:00,579510.1611,48528.27336,1236.509273,0,0,0
7/25/2019 0:00,553458.9612,51369.00296,1323.496512,0,0,0
7/26/2019 0:00,568879.5961,50920.30454,1310.316198,0,0,0
7/27/2019 0:00,554344.9376,51689.29721,1240.694591,0,0,0
7/28/2019 0:00,567416.6413,49954.89992,1276.073154,0,0,0
7/29/2019 0:00,575206.4227,50029.80837,1263.675244,0,0,0
7/30/2019 0:00,570446.46,50869.51,1282.08,0,0,0
7/31/2019 0:00,542557.2818,86585.13119,2112.607824,0,0,0
8/1/2019 0:00,527652.3878,84784.24517,2092.154,0,0,0
8/2/2019 0:00,556918.8954,87482.22889,1957.474324,0,0,0
8/3/2019 0:00,531711.6513,86355.74456,1975.337991,0,0,0
8/4/2019 0:00,554402.4528,85603.6842,2039.31403,0,0,0
8/5/2019 0:00,552624.441,88523.39831,2086.761215,0,0,0
8/6/2019 0:00,533027.08,87528.01,2042.95,0,0,0
8/7/2019 0:00,500608.8424,92930.54536,13321.30696,429.0690145,0,0
8/8/2019 0:00,517782.33,88990.36463,13981.9934,436.3798275,0,0
8/9/2019 0:00,529456.6897,91576.74887,13258.05684,419.6283962,0,0
8/10/2019 0:00,521677.7696,92585.16417,13848.294,449.353627,0,0
8/11/2019 0:00,498063.9363,88545.51124,12762.56714,421.2516841,0,0
8/12/2019 0:00,525073.2398,89161.09998,13315.23862,444.8234314,0,0
8/13/2019 0:00,516883.94,91858.71,13418.83,436.56,0,0
8/14/2019 0:00,514159.7479,84977.83346,13542.28861,457.4016792,0,0
8/15/2019 0:00,523226.9311,85110.89377,13215.91752,438.898617,0,0
8/16/2019 0:00,501858.9003,87610.85177,14245.45919,420.8407608,0,0
8/17/2019 0:00,518797.5007,92193.379,14110.55446,453.5071544,0,0
8/18/2019 0:00,528903.7643,87417.161,13115.21377,436.5860675,0,0
8/19/2019 0:00,538111.0572,86973.94685,13426.04323,456.9888327,0,0
8/20/2019 0:00,520261.94,88324.96,13574.6,436.56,0,0
8/21/2019 0:00,518023.291,74564.58737,13487.81456,422.1863441,0,0
8/22/2019 0:00,554444.3774,77976.71171,13746.46125,438.3688572,0,0
8/23/2019 0:00,536130.3556,73512.45219,13300.3217,424.1282074,0,0
8/24/2019 0:00,506888.4401,77835.26263,13634.14231,421.579622,0,0
8/25/2019 0:00,535143.5495,72552.60018,13771.24581,429.1012645,0,0
8/26/2019 0:00,510249.8314,79171.42611,13276.15737,447.8283255,0,0
8/27/2019 0:00,533261.48,75741.01,13159.03,436.56,0,0
8/28/2019 0:00,559168.5846,74612.11061,16730.71732,0,0,0
8/29/2019 0:00,543189.3667,73555.12117,16014.67322,0,0,0
8/30/2019 0:00,521769.8258,69774.59706,16045.41383,0,0,0
8/31/2019 0:00,534687.8716,69133.85042,16749.32174,0,0,0
9/1/2019 0:00,536717.3069,67889.91764,15983.25016,0,0,0
9/2/2019 0:00,517076.6217,72244.94247,15339.95903,0,0,0
9/3/2019 0:00,535382.23,71072.11,16143.71,0,0,0
9/4/2019 0:00,563241.8159,61564.99429,18966.63768,0,0,0
9/5/2019 0:00,555639.8028,64939.42341,18162.89011,0,0,0
9/6/2019 0:00,533473.5819,65853.99837,19730.52923,0,0,0
9/7/2019 0:00,566444.7494,60921.09938,19531.93213,0,0,0
9/8/2019 0:00,560642.94,61453.1531,19900.50259,0,0,0
9/9/2019 0:00,546613.4225,61494.31211,18257.24762,0,0,0
9/10/2019 0:00,540737.75,62755.52,19104.79,0,0,0
9/11/2019 0:00,560362.451,66320.31955,17081.83126,1360.449156,0,0
9/12/2019 0:00,562700.84,63061.63336,17085.22692,1299.464499,0,0
9/13/2019 0:00,552101.9311,63757.10406,17535.16671,1354.592463,0,0
9/14/2019 0:00,528486.0981,63703.60613,17638.5735,1367.14453,0,0
9/15/2019 0:00,530423.2353,64904.50537,17511.47806,1333.96852,0,0
9/16/2019 0:00,528314.5491,67304.0518,17376.54734,1289.514758,0,0
9/17/2019 0:00,538134.63,65977.45,17179.89,1306.08,0,0
9/18/2019 0:00,534973.6627,87933.79987,16532.62101,2360.604069,0,0
9/19/2019 0:00,523675.7499,87186.41626,17357.31907,2383.798276,0,0
9/20/2019 0:00,518377.3304,82395.42564,16771.45171,2262.481121,0,0
9/21/2019 0:00,504872.1468,86543.14029,16954.30604,2246.726619,0,0
9/22/2019 0:00,514966.2483,83890.30877,16870.50234,2360.669977,0,0
9/23/2019 0:00,526479.4082,82236.60926,16033.16619,2371.713241,0,0
9/24/2019 0:00,519497.71,84051.3,16700.02,2349.03,0,0
9/25/2019 0:00,521403.2761,79371.55935,22948.18964,4964.524352,0,0
9/26/2019 0:00,540954.3546,78413.03303,24073.38546,4653.281184,0,0
9/27/2019 0:00,506636.8509,75594.07959,22423.40872,5084.925009,0,0
9/28/2019 0:00,490683.7012,79564.23032,23243.97134,4981.606399,0,0
9/29/2019 0:00,492639.1469,77872.84797,22603.46468,4782.275102,0,0
9/30/2019 0:00,505881.6821,74566.37927,23109.76871,5041.794503,0,0
10/1/2019 0:00,515983.12,78414.28,23329.59,4871.07,0,0
10/2/2019 0:00,523452.619,63146.5887,31066.85564,1348.271253,0,0
10/3/2019 0:00,524692.7512,60939.71783,29707.26356,1330.972738,0,0
10/4/2019 0:00,534546.7948,59750.68684,30396.68611,1378.308286,0,0
10/5/2019 0:00,537138.8629,62126.3938,31249.77536,1394.585475,0,0
10/6/2019 0:00,512137.5289,62382.4415,30898.66878,1358.931655,0,0
10/7/2019 0:00,544478.7701,60387.15279,30981.81694,1336.371657,0,0
10/8/2019 0:00,530536.33,60581.56,30140.4,1339.74,0,0
10/9/2019 0:00,510411.5086,54240.36701,33666.04091,1981.142435,0,0
10/10/2019 0:00,518688.7619,51219.97672,32484.21983,2054.273985,0,0
10/11/2019 0:00,542680.8489,53586.40759,31309.16738,1971.049188,0,0
10/12/2019 0:00,556736.4394,54186.06056,32683.50344,1947.222241,0,0
10/13/2019 0:00,514890.2885,51013.71903,32209.61342,1870.953119,0,0
10/14/2019 0:00,511868.233,52057.52114,33677.90772,1908.427519,0,0
10/15/2019 0:00,535479.22,52963.2,32193.5,1962.12,0,0
10/16/2019 0:00,564949.478,45613.58169,21820.92506,1228.616652,0,0
10/17/2019 0:00,559677.6498,46810.14962,22178.98477,1352.334048,0,0
10/18/2019 0:00,578317.6921,48844.82548,21389.34273,1318.85198,0,0
10/19/2019 0:00,568083.3915,47071.75545,21230.24097,1249.035689,0,0
10/20/2019 0:00,533375.4983,47704.41396,22876.19824,1233.512605,0,0
10/21/2019 0:00,567053.6956,49281.87284,22507.42623,1323.359325,0,0
10/22/2019 0:00,552388.48,47064.74,21851.64,1293.19,0,0
10/23/2019 0:00,567876.8986,34337.79552,14411.35727,0,0,0
10/24/2019 0:00,573379.0903,32924.20262,13492.51993,0,0,0
10/25/2019 0:00,565010.2738,35536.9815,14430.18695,0,0,0
10/26/2019 0:00,555639.024,35079.50487,14677.2384,0,0,0
10/27/2019 0:00,599708.2211,32858.10585,14507.8729,0,0,0
10/28/2019 0:00,556226.1249,33995.43518,14243.98189,0,0,0
10/29/2019 0:00,574567.34,33922.83,14107.86,0,0,0
10/30/2019 0:00,574860.8905,33850.22482,13886.5587,0,0,0
10/31/2019 0:00,576191.1757,33777.61963,13686.55225,0,0,0
11/1/2019 0:00,577521.4608,33705.01445,13486.5458,0,0,0
