"Date","Price","Open","High","Low","Change %"
"Oct 24, 2019","6,474.00","6,473.00","6,490.00","6,473.00","-0.13%"
"Oct 23, 2019","6,482.22","6,456.05","6,482.35","6,434.80","0.36%"
"Oct 22, 2019","6,459.14","6,422.89","6,470.04","6,412.29","0.17%"
"Oct 21, 2019","6,448.00","6,466.00","6,485.83","6,439.00","-0.22%"
"Oct 18, 2019","6,462.50","6,471.50","6,490.75","6,439.50","-0.18%"
"Oct 17, 2019","6,474.00","6,482.48","6,503.09","6,474.00","0.08%"
"Oct 16, 2019","6,468.72","6,419.23","6,468.72","6,386.10","0.34%"
"Oct 15, 2019","6,447.00","6,439.06","6,454.46","6,418.00","0.50%"
"Oct 14, 2019","6,414.84","6,412.08","6,414.84","6,387.42","0.04%"
"Oct 11, 2019","6,412.50","6,422.50","6,442.16","6,378.80","0.05%"
"Oct 10, 2019","6,409.00","6,409.00","6,431.84","6,372.82","0.05%"
"Oct 09, 2019","6,405.50","6,393.50","6,424.48","6,384.91","0.18%"
"Oct 08, 2019","6,394.00","6,391.00","6,414.77","6,366.00","-0.03%"
"Oct 07, 2019","6,396.00","6,372.00","6,415.14","6,366.37","-0.08%"
"Oct 04, 2019","6,401.00","6,404.00","6,427.94","6,401.00","0.16%"
"Oct 03, 2019","6,391.00","6,414.94","6,414.94","6,377.00","-0.23%"
"Oct 02, 2019","6,405.53","6,303.60","6,405.53","6,303.60","0.11%"
"Oct 01, 2019","6,398.73","6,379.07","6,399.61","6,349.44","0.29%"
"Sep 30, 2019","6,380.12","6,383.19","6,383.19","6,353.56","-0.11%"
"Sep 27, 2019","6,387.10","6,389.53","6,395.06","6,360.66","0.03%"
"Sep 26, 2019","6,385.50","6,412.69","6,412.69","6,319.50","-0.03%"
"Sep 25, 2019","6,387.50","6,382.26","6,410.11","6,354.28","0.28%"
"Sep 24, 2019","6,369.47","6,367.71","6,387.08","6,315.71","-0.20%"
"Sep 23, 2019","6,382.50","6,375.50","6,409.32","6,366.65","-0.10%"
"Sep 20, 2019","6,389.00","6,391.00","6,427.95","6,386.00","0.14%"
"Sep 19, 2019","6,380.00","6,354.00","6,399.37","6,354.00","0.23%"
"Sep 18, 2019","6,365.50","6,360.50","6,386.07","6,335.24","0.33%"
"Sep 17, 2019","6,344.50","6,343.32","6,364.27","6,285.03","0.08%"
"Sep 16, 2019","6,339.66","6,331.84","6,351.27","6,294.48","0.05%"
"Sep 13, 2019","6,336.50","6,314.50","6,355.93","6,314.50","0.09%"
"Sep 12, 2019","6,331.00","6,341.00","6,360.30","6,309.29","-0.28%"
"Sep 11, 2019","6,348.50","6,318.50","6,366.14","6,301.55","0.57%"
"Sep 10, 2019","6,312.50","6,299.50","6,338.36","6,281.74","0.23%"
"Sep 09, 2019","6,298.00","6,257.00","6,316.57","6,257.00","0.30%"
"Sep 06, 2019","6,278.86","6,259.40","6,279.20","6,244.19","0.66%"
"Sep 05, 2019","6,237.50","6,222.50","6,276.57","6,222.50","-0.17%"
"Sep 04, 2019","6,248.00","6,299.00","6,318.23","6,248.00","-0.61%"
"Sep 03, 2019","6,286.09","6,111.85","6,286.09","6,111.85","0.46%"
"Sep 02, 2019","6,257.36","6,259.76","6,260.27","6,236.81","0.09%"
"Aug 30, 2019","6,251.91","6,241.16","6,254.19","6,241.16","-0.23%"
"Aug 29, 2019","6,266.01","6,107.95","6,266.01","6,107.95","0.77%"
"Aug 28, 2019","6,217.94","6,217.94","6,217.94","6,217.94","-0.05%"
"Aug 27, 2019","6,221.10","6,221.10","6,221.10","6,221.10","0.24%"
"Aug 26, 2019","6,206.47","6,245.00","6,245.00","6,185.52","-0.16%"
"Aug 23, 2019","6,216.24","6,078.02","6,216.31","6,078.02","0.54%"
"Aug 22, 2019","6,182.91","6,077.89","6,182.91","6,077.89","0.47%"
"Aug 21, 2019","6,154.17","6,076.03","6,154.38","6,076.03","0.21%"
"Aug 20, 2019","6,141.23","6,114.27","6,141.23","6,079.55","0.26%"
"Aug 19, 2019","6,125.50","6,091.50","6,141.82","6,082.21","0.11%"
"Aug 16, 2019","6,118.72","6,076.81","6,119.11","6,050.20","0.30%"
"Aug 15, 2019","6,100.38","6,100.38","6,100.38","6,100.38","0.00%"
"Aug 14, 2019","6,100.38","6,077.15","6,100.38","6,036.27","0.14%"
"Aug 13, 2019","6,092.00","6,098.00","6,118.00","6,083.17","0.15%"
"Aug 12, 2019","6,083.00","6,092.00","6,101.80","6,052.13","0.40%"
"Aug 09, 2019","6,058.50","6,088.50","6,107.09","6,055.50","-0.51%"
"Aug 08, 2019","6,089.50","6,027.50","6,114.50","6,027.50","-0.25%"
"Aug 07, 2019","6,105.00","6,050.00","6,149.00","6,028.59","0.43%"
"Aug 06, 2019","6,079.00","6,044.00","6,095.40","6,037.00","0.80%"
"Aug 05, 2019","6,030.50","6,037.50","6,049.20","6,017.50","0.05%"
"Aug 02, 2019","6,027.70","6,016.01","6,040.85","5,986.81","-0.32%"
"Aug 01, 2019","6,047.00","6,029.48","6,071.85","5,994.00","0.91%"
"Jul 31, 2019","5,992.50","5,987.50","6,025.90","5,983.50","-0.25%"
"Jul 30, 2019","6,007.50","6,034.50","6,052.29","6,003.39","-0.14%"
"Jul 29, 2019","6,016.00","6,010.36","6,033.79","5,978.27","0.35%"
"Jul 26, 2019","5,995.00","6,014.00","6,032.32","5,980.90","-0.30%"
"Jul 25, 2019","6,013.00","6,008.00","6,031.32","5,966.67","-0.15%"
"Jul 24, 2019","6,022.00","6,011.78","6,040.78","5,963.26","0.59%"
"Jul 23, 2019","5,986.50","5,984.50","6,006.72","5,941.50","0.10%"
"Jul 22, 2019","5,980.26","5,958.16","5,985.49","5,940.16","0.05%"
"Jul 19, 2019","5,977.17","5,956.61","5,977.73","5,955.61","0.14%"
"Jul 18, 2019","5,969.00","6,022.00","6,028.30","5,967.00","-0.88%"
"Jul 17, 2019","6,022.00","6,001.00","6,037.99","5,978.17","0.72%"
"Jul 16, 2019","5,978.94","5,989.44","5,995.18","5,967.44","-0.33%"
"Jul 15, 2019","5,998.50","6,016.50","6,022.80","5,998.50","-0.19%"
"Jul 12, 2019","6,010.05","6,039.08","6,039.08","6,010.05","-0.49%"
"Jul 11, 2019","6,039.90","6,054.07","6,054.07","5,985.64","-0.22%"
"Jul 10, 2019","6,053.50","6,109.50","6,115.38","6,053.50","-0.88%"
"Jul 09, 2019","6,107.00","6,153.88","6,153.88","6,080.00","-0.69%"
"Jul 08, 2019","6,149.71","6,196.83","6,196.83","6,098.68","0.10%"
"Jul 05, 2019","6,143.77","6,164.55","6,164.55","6,134.65","-0.39%"
"Jul 04, 2019","6,167.56","6,192.55","6,192.55","6,155.51","-0.35%"
"Jul 03, 2019","6,189.33","6,204.08","6,204.08","6,156.93","-0.21%"
"Jul 02, 2019","6,202.50","6,191.50","6,209.25","6,191.50","0.18%"
"Jul 01, 2019","6,191.50","6,241.50","6,241.50","6,176.50","0.02%"
"Jun 28, 2019","6,190.44","6,191.59","6,193.72","6,172.23","-0.08%"
"Jun 27, 2019","6,195.28","6,215.35","6,215.35","6,166.48","-0.35%"
"Jun 26, 2019","6,217.00","6,249.00","6,249.00","6,173.77","0.07%"
"Jun 25, 2019","6,212.72","6,235.91","6,235.91","6,189.55","0.16%"
"Jun 24, 2019","6,203.00","6,241.00","6,241.00","6,170.23","0.05%"
"Jun 21, 2019","6,199.86","6,209.72","6,209.72","6,175.36","-0.56%"
"Jun 20, 2019","6,234.50","6,206.50","6,252.50","6,180.95","0.33%"
"Jun 19, 2019","6,214.00","6,260.00","6,260.00","6,170.78","0.45%"
"Jun 18, 2019","6,186.14","6,234.30","6,234.30","6,169.30","-0.66%"
"Jun 17, 2019","6,227.00","6,263.00","6,263.00","6,227.00","0.56%"
"Jun 14, 2019","6,192.50","6,242.50","6,248.75","6,192.50","-0.80%"
"Jun 13, 2019","6,242.50","6,255.77","6,271.81","6,227.50","-0.23%"
"Jun 12, 2019","6,257.00","6,257.00","6,257.00","6,257.00","-0.04%"
"Jun 11, 2019","6,259.50","6,266.50","6,273.19","6,249.50","0.03%"
"Jun 10, 2019","6,257.50","6,251.50","6,282.09","6,244.50","-0.20%"
"Jun 07, 2019","6,270.00","6,300.00","6,330.65","6,269.00","-0.29%"
"Jun 06, 2019","6,288.00","6,270.00","6,311.03","6,251.44","-0.07%"
"Jun 05, 2019","6,292.50","6,308.12","6,322.50","6,283.50","0.28%"
"Jun 04, 2019","6,275.00","6,257.00","6,282.15","6,244.35","-0.19%"
"Jun 03, 2019","6,287.00","6,262.00","6,293.54","6,256.24","0.25%"
"May 31, 2019","6,271.50","6,277.50","6,308.15","6,256.50","-0.56%"
"May 30, 2019","6,307.00","6,280.00","6,332.94","6,280.00","-0.03%"
"May 29, 2019","6,309.09","6,308.96","6,309.96","6,243.47","-0.60%"
"May 28, 2019","6,347.00","6,289.00","6,377.00","6,263.73","1.27%"
"May 27, 2019","6,267.22","6,286.60","6,286.60","6,264.72","-0.42%"
"May 24, 2019","6,293.50","6,286.50","6,327.70","6,286.50","-0.36%"
"May 23, 2019","6,316.00","6,293.00","6,377.78","6,293.00","-0.28%"
"May 22, 2019","6,333.50","6,267.50","6,360.27","6,267.50","0.37%"
"May 21, 2019","6,310.00","6,299.00","6,334.95","6,251.00","0.20%"
"May 20, 2019","6,297.50","6,278.50","6,327.81","6,278.50","0.26%"
"May 17, 2019","6,281.00","6,283.00","6,296.72","6,252.00","-0.05%"
"May 16, 2019","6,284.00","6,375.00","6,375.00","6,284.00","-1.57%"
"May 15, 2019","6,384.00","6,402.00","6,402.00","6,384.00","0.81%"
"May 14, 2019","6,333.00","6,363.00","6,363.00","6,333.00","-0.24%"
"May 13, 2019","6,348.00","6,378.00","6,404.48","6,348.00","-0.71%"
"May 10, 2019","6,393.50","6,385.50","6,411.98","6,347.74","0.45%"
"May 09, 2019","6,364.74","6,358.24","6,366.76","6,315.18","0.06%"
"May 08, 2019","6,360.96","6,346.83","6,362.82","6,306.43","0.16%"
"May 07, 2019","6,350.75","6,329.29","6,350.75","6,299.98","0.19%"
"May 06, 2019","6,338.65","6,324.40","6,338.65","6,280.82","0.30%"
"May 03, 2019","6,319.68","6,305.12","6,319.68","6,250.73","-0.12%"
"May 02, 2019","6,327.50","6,256.50","6,327.50","6,256.50","0.89%"
"May 01, 2019","6,271.50","6,283.50","6,283.50","6,271.50","-0.12%"
"Apr 30, 2019","6,279.00","6,299.00","6,305.42","6,249.58","-0.20%"
"Apr 29, 2019","6,291.57","6,272.01","6,291.57","6,223.91","0.28%"
"Apr 26, 2019","6,274.00","6,246.00","6,287.01","6,231.92","0.33%"
"Apr 25, 2019","6,253.50","6,264.50","6,283.13","6,251.05","-0.22%"
"Apr 24, 2019","6,267.00","6,219.00","6,280.10","6,219.00","0.17%"
"Apr 23, 2019","6,256.50","6,222.50","6,263.47","6,190.41","0.26%"
"Apr 22, 2019","6,240.00","6,216.00","6,254.94","6,186.07","0.14%"
"Apr 19, 2019","6,231.50","6,237.50","6,237.50","6,231.50","-0.08%"
"Apr 18, 2019","6,236.50","6,248.50","6,248.50","6,236.50","-0.08%"
"Apr 17, 2019","6,241.61","6,238.44","6,241.73","6,190.01","0.40%"
"Apr 16, 2019","6,217.00","6,204.00","6,237.61","6,198.00","0.10%"
"Apr 15, 2019","6,211.00","6,201.00","6,237.22","6,197.04","0.06%"
"Apr 12, 2019","6,207.50","6,213.50","6,238.40","6,191.98","-0.06%"
"Apr 11, 2019","6,211.50","6,192.50","6,231.61","6,186.50","0.00%"
"Apr 10, 2019","6,211.50","6,228.75","6,236.43","6,211.50","0.41%"
"Apr 09, 2019","6,186.00","6,225.00","6,247.74","6,186.00","-0.19%"
"Apr 08, 2019","6,198.00","6,178.00","6,209.75","6,172.00","0.11%"
"Apr 05, 2019","6,191.00","6,213.71","6,214.23","6,165.11","-0.14%"
"Apr 04, 2019","6,199.50","6,188.50","6,217.37","6,165.57","0.13%"
"Apr 03, 2019","6,191.50","6,177.50","6,210.61","6,171.50","0.18%"
"Apr 02, 2019","6,180.50","6,167.50","6,199.42","6,161.50","-0.02%"
"Apr 01, 2019","6,182.00","6,189.00","6,207.07","6,168.24","-0.08%"
"Mar 29, 2019","6,187.00","6,210.50","6,210.50","6,175.00","-0.03%"
"Mar 28, 2019","6,189.00","6,176.76","6,199.36","6,171.00","0.23%"
"Mar 27, 2019","6,175.00","6,147.00","6,190.76","6,138.48","0.37%"
"Mar 26, 2019","6,152.00","6,148.00","6,195.85","6,142.00","-0.16%"
"Mar 25, 2019","6,162.00","6,137.00","6,206.91","6,134.81","0.13%"
"Mar 22, 2019","6,154.00","6,129.00","6,196.91","6,129.00","0.41%"
"Mar 21, 2019","6,129.00","6,145.00","6,185.36","6,129.00","-0.24%"
"Mar 20, 2019","6,143.50","6,132.50","6,171.11","6,109.50","0.06%"
"Mar 19, 2019","6,140.00","6,149.00","6,161.08","6,117.93","0.06%"
"Mar 18, 2019","6,136.50","6,129.00","6,144.81","6,072.50","0.13%"
"Mar 15, 2019","6,128.78","6,104.28","6,128.78","6,068.24","0.21%"
"Mar 14, 2019","6,116.00","6,036.00","6,129.33","6,036.00","0.23%"
"Mar 13, 2019","6,102.00","6,081.00","6,108.39","6,034.00","0.19%"
"Mar 12, 2019","6,090.50","6,104.50","6,116.96","6,064.41","0.04%"
"Mar 11, 2019","6,088.00","6,074.00","6,131.10","6,071.53","0.08%"
"Mar 08, 2019","6,083.00","6,107.96","6,118.37","6,072.00","0.06%"
"Mar 07, 2019","6,079.50","6,099.17","6,099.17","6,037.50","-0.15%"
"Mar 06, 2019","6,088.50","6,077.32","6,094.97","6,042.08","0.44%"
"Mar 05, 2019","6,062.00","6,070.00","6,099.23","6,062.00","-0.35%"
"Mar 04, 2019","6,083.50","6,083.50","6,083.50","6,083.50","-0.01%"
"Mar 01, 2019","6,084.00","6,058.00","6,119.00","6,058.00","-0.10%"
"Feb 28, 2019","6,090.00","6,104.29","6,108.00","6,090.00","-0.31%"
"Feb 27, 2019","6,109.00","6,111.77","6,136.00","6,052.00","0.35%"
"Feb 26, 2019","6,087.50","6,114.08","6,114.08","6,077.47","0.27%"
"Feb 25, 2019","6,071.00","6,051.00","6,120.98","6,051.00","-0.40%"
"Feb 22, 2019","6,095.65","6,082.35","6,103.98","6,041.48","-0.23%"
"Feb 21, 2019","6,110.00","6,053.90","6,116.00","6,053.90","0.51%"
"Feb 20, 2019","6,079.23","6,071.22","6,084.22","6,027.27","0.18%"
"Feb 19, 2019","6,068.60","6,050.01","6,068.60","6,010.82","0.27%"
"Feb 18, 2019","6,051.99","6,054.97","6,054.97","6,022.14","0.01%"
"Feb 15, 2019","6,051.21","6,053.84","6,056.11","6,024.18","0.03%"
"Feb 14, 2019","6,049.50","6,059.50","6,080.82","6,049.50","0.08%"
"Feb 13, 2019","6,044.50","6,050.12","6,051.45","6,005.50","0.03%"
"Feb 12, 2019","6,042.50","6,045.33","6,055.21","6,032.50","0.27%"
"Feb 11, 2019","6,026.00","6,054.06","6,055.83","6,011.00","-0.02%"
"Feb 08, 2019","6,027.00","6,043.23","6,051.38","6,023.91","0.03%"
"Feb 07, 2019","6,025.00","6,049.64","6,049.64","6,000.20","-0.26%"
"Feb 06, 2019","6,041.00","6,029.72","6,047.76","6,029.72","0.21%"
"Feb 05, 2019","6,028.26","6,025.98","6,080.54","5,973.54","0.02%"
"Feb 04, 2019","6,027.00","6,028.67","6,033.44","6,001.00","0.02%"
"Feb 01, 2019","6,026.00","6,069.83","6,069.83","6,026.00","-0.18%"
"Jan 31, 2019","6,037.00","6,099.79","6,099.79","6,027.00","-0.58%"
"Jan 30, 2019","6,072.00","6,111.24","6,111.24","6,056.01","-0.23%"
"Jan 29, 2019","6,086.00","6,075.15","6,104.85","6,032.94","0.40%"
"Jan 28, 2019","6,061.50","6,026.50","6,067.65","5,985.13","0.30%"
"Jan 25, 2019","6,043.50","6,032.50","6,092.50","6,026.84","0.15%"
"Jan 24, 2019","6,034.50","6,057.51","6,057.51","6,017.27","-0.22%"
"Jan 23, 2019","6,048.00","6,097.90","6,097.90","6,048.00","-0.15%"
"Jan 22, 2019","6,057.00","6,073.30","6,073.30","6,047.00","-0.21%"
"Jan 21, 2019","6,069.77","6,082.10","6,082.10","6,023.45","-0.23%"
"Jan 18, 2019","6,084.00","6,063.28","6,100.53","6,063.00","0.27%"
"Jan 17, 2019","6,067.50","6,071.24","6,084.50","6,009.83","0.24%"
"Jan 16, 2019","6,053.00","6,060.34","6,064.74","6,047.67","0.22%"
"Jan 15, 2019","6,039.50","6,040.99","6,064.44","6,002.46","0.42%"
"Jan 14, 2019","6,014.00","6,031.93","6,039.05","5,994.95","-0.05%"
"Jan 11, 2019","6,017.00","6,015.00","6,032.59","6,015.00","-0.08%"
"Jan 10, 2019","6,022.00","6,015.00","6,035.90","6,015.00","0.61%"
"Jan 09, 2019","5,985.50","6,035.88","6,057.78","5,985.50","-0.12%"
"Jan 08, 2019","5,992.50","6,009.91","6,010.88","5,991.00","0.01%"
"Jan 07, 2019","5,992.00","6,027.08","6,027.08","5,962.34","-0.37%"
"Jan 04, 2019","6,014.50","5,997.83","6,032.84","5,928.50","0.21%"
"Jan 03, 2019","6,002.00","6,002.78","6,015.00","5,988.67","0.53%"
"Jan 02, 2019","5,970.50","5,992.64","5,994.43","5,928.65","0.16%"
"Jan 01, 2019","5,961.00","5,961.00","5,961.00","5,961.00","0.00%"
"Dec 31, 2018","5,961.00","5,969.00","5,969.00","5,951.00","-0.06%"
"Dec 28, 2018","5,964.37","5,956.68","5,982.19","5,949.68","-0.31%"
"Dec 27, 2018","5,983.00","5,963.28","6,003.43","5,934.00","0.65%"
"Dec 26, 2018","5,944.50","5,925.28","5,961.91","5,902.50","0.60%"
"Dec 25, 2018","5,909.00","5,909.00","5,909.00","5,909.00","0.00%"
"Dec 24, 2018","5,909.00","5,926.23","5,926.23","5,892.69","-0.23%"
"Dec 21, 2018","5,922.50","5,938.42","5,938.42","5,906.85","-0.03%"
"Dec 20, 2018","5,924.50","5,956.98","5,956.98","5,913.12","-0.21%"
"Dec 19, 2018","5,937.00","5,930.65","5,957.64","5,913.00","0.33%"
"Dec 18, 2018","5,917.50","5,927.48","5,933.50","5,894.62","0.06%"
"Dec 17, 2018","5,914.00","5,914.55","5,920.49","5,885.00","-0.14%"
"Dec 14, 2018","5,922.50","5,946.10","5,946.10","5,922.50","-0.05%"
"Dec 13, 2018","5,925.59","5,939.91","5,939.91","5,913.98","-0.24%"
"Dec 12, 2018","5,940.00","5,948.25","5,951.98","5,921.00","0.08%"
"Dec 11, 2018","5,935.50","5,932.38","5,952.50","5,880.98","0.36%"
"Dec 10, 2018","5,914.50","5,924.06","5,933.18","5,866.50","0.07%"
"Dec 07, 2018","5,910.50","5,915.78","5,922.06","5,887.65","-0.25%"
"Dec 06, 2018","5,925.50","5,938.65","5,938.65","5,893.60","0.42%"
"Dec 05, 2018","5,900.50","5,919.24","5,937.15","5,900.50","0.14%"
"Dec 04, 2018","5,892.50","5,959.93","5,959.93","5,892.50","-0.15%"
"Dec 03, 2018","5,901.50","5,967.79","6,032.50","5,901.50","-0.49%"
"Nov 30, 2018","5,930.50","6,001.50","6,001.50","5,911.74","-0.21%"
"Nov 29, 2018","5,942.90","5,947.26","5,947.26","5,903.89","-0.06%"
"Nov 28, 2018","5,946.50","5,948.55","5,954.80","5,910.49","0.05%"
"Nov 27, 2018","5,943.50","5,952.48","5,955.77","5,912.30","0.13%"
"Nov 26, 2018","5,936.00","5,935.17","5,997.00","5,887.26","0.03%"
"Nov 23, 2018","5,934.41","5,928.57","5,936.11","5,907.61","0.11%"
"Nov 22, 2018","5,928.03","5,929.38","5,929.38","5,894.80","-0.13%"
"Nov 21, 2018","5,935.50","5,925.50","5,941.28","5,909.91","0.83%"
"Nov 20, 2018","5,886.50","5,915.92","5,915.92","5,881.01","-0.35%"
"Nov 19, 2018","5,907.00","5,923.86","5,923.86","5,901.85","-0.04%"
"Nov 16, 2018","5,909.10","5,922.91","5,923.24","5,885.80","-0.36%"
"Nov 15, 2018","5,930.50","5,939.20","5,938.77","5,884.08","0.00%"
"Nov 14, 2018","5,930.50","5,938.51","5,943.59","5,911.02","0.10%"
"Nov 13, 2018","5,924.50","5,928.71","5,936.72","5,895.38","-0.03%"
"Nov 12, 2018","5,926.23","5,923.31","5,928.19","5,883.40","0.15%"
"Nov 09, 2018","5,917.50","5,919.50","5,940.13","5,896.99","0.11%"
"Nov 08, 2018","5,911.00","5,932.35","5,932.35","5,905.00","-0.29%"
"Nov 07, 2018","5,928.00","5,977.61","5,977.61","5,928.00","-0.62%"
"Nov 06, 2018","5,965.00","5,976.75","5,999.00","5,922.00","-0.15%"
"Nov 05, 2018","5,974.00","5,978.97","5,979.75","5,943.95","0.10%"
"Nov 02, 2018","5,968.00","6,003.00","6,003.00","5,954.87","-0.44%"
"Nov 01, 2018","5,994.48","5,980.72","5,998.49","5,971.72","0.05%"
"Oct 31, 2018","5,991.50","6,003.56","6,003.56","5,976.17","-0.07%"
"Oct 30, 2018","5,995.65","5,999.45","5,999.45","5,985.82","-0.06%"
"Oct 29, 2018","5,999.00","6,022.57","6,022.57","5,965.52","-0.20%"
"Oct 26, 2018","6,011.00","6,008.31","6,025.48","5,974.48","0.10%"
"Oct 25, 2018","6,004.75","6,001.56","6,006.65","5,954.06","0.15%"
"Oct 24, 2018","5,996.00","5,993.00","6,008.12","5,956.84","-0.06%"
"Oct 23, 2018","5,999.50","5,994.50","6,016.69","5,961.46","0.08%"
"Oct 22, 2018","5,995.00","5,984.00","6,002.85","5,903.00","0.20%"
"Oct 19, 2018","5,983.00","5,988.65","5,994.84","5,979.00","0.11%"
"Oct 18, 2018","5,976.50","5,944.50","5,982.15","5,938.50","0.44%"
"Oct 17, 2018","5,950.50","5,901.50","5,956.31","5,901.50","0.19%"
"Oct 16, 2018","5,939.50","5,935.50","5,953.21","5,929.50","-0.09%"
"Oct 15, 2018","5,945.00","5,904.00","5,966.10","5,904.00","-0.23%"
"Oct 12, 2018","5,958.69","5,929.52","5,958.69","5,879.78","0.41%"
"Oct 11, 2018","5,934.19","5,896.24","5,938.43","5,896.24","0.26%"
"Oct 10, 2018","5,918.80","5,908.51","5,920.57","5,908.51","0.17%"
"Oct 09, 2018","5,908.64","5,895.69","5,912.98","5,891.11","0.08%"
"Oct 08, 2018","5,904.21","5,905.30","5,905.30","5,867.35","0.02%"
"Oct 05, 2018","5,903.00","5,911.00","5,917.61","5,903.00","-0.33%"
"Oct 04, 2018","5,922.50","5,911.80","5,922.83","5,873.15","0.33%"
"Oct 03, 2018","5,902.80","5,902.60","5,903.34","5,884.50","0.03%"
"Oct 02, 2018","5,901.20","5,893.21","5,905.81","5,893.21","0.12%"
"Oct 01, 2018","5,894.26","5,894.15","5,900.12","5,894.04","0.02%"
"Sep 28, 2018","5,893.00","5,887.00","5,916.46","5,887.00","-0.08%"
"Sep 27, 2018","5,898.00","5,910.57","5,925.65","5,863.00","0.05%"
"Sep 26, 2018","5,894.90","5,847.34","5,895.18","5,844.34","-0.00%"
"Sep 25, 2018","5,895.00","5,873.00","5,901.00","5,821.83","0.43%"
"Sep 24, 2018","5,869.82","5,862.91","5,870.16","5,804.57","0.09%"
"Sep 21, 2018","5,864.50","5,861.50","5,879.71","5,855.50","0.14%"
"Sep 20, 2018","5,856.50","5,846.50","5,874.26","5,840.50","-0.12%"
"Sep 19, 2018","5,863.50","5,853.50","5,879.06","5,848.50","0.06%"
"Sep 18, 2018","5,860.00","5,841.00","5,866.25","5,832.00","0.27%"
"Sep 17, 2018","5,844.50","5,852.50","5,864.64","5,844.50","-0.05%"
"Sep 14, 2018","5,847.50","5,816.50","5,854.50","5,814.48","0.04%"
"Sep 13, 2018","5,845.00","5,851.00","5,875.46","5,845.00","0.16%"
"Sep 12, 2018","5,835.50","5,841.34","5,842.01","5,794.19","-0.03%"
"Sep 11, 2018","5,837.50","5,810.50","5,843.46","5,792.50","0.27%"
"Sep 10, 2018","5,821.50","5,838.50","5,847.08","5,820.50","-0.15%"
"Sep 07, 2018","5,830.03","5,821.53","5,840.26","5,812.53","-0.17%"
"Sep 06, 2018","5,840.00","5,855.90","5,861.00","5,836.65","0.08%"
"Sep 05, 2018","5,835.50","5,832.50","5,863.05","5,832.50","0.15%"
"Sep 04, 2018","5,827.00","5,830.00","5,840.72","5,827.00","0.01%"
"Sep 03, 2018","5,826.38","5,822.27","5,835.31","5,822.27","-0.14%"
"Aug 31, 2018","5,834.38","5,856.26","5,864.36","5,828.64","-0.21%"
"Aug 30, 2018","5,846.50","5,826.50","5,852.82","5,810.50","0.26%"
"Aug 29, 2018","5,831.50","5,828.50","5,840.50","5,770.41","-0.01%"
"Aug 28, 2018","5,832.00","5,813.61","5,832.00","5,802.00","0.47%"
"Aug 27, 2018","5,805.00","5,817.11","5,819.26","5,802.00","0.06%"
"Aug 24, 2018","5,801.50","5,790.50","5,808.61","5,784.50","-0.02%"
"Aug 23, 2018","5,802.50","5,721.50","5,818.89","5,721.50","0.16%"
"Aug 22, 2018","5,793.50","5,808.50","5,823.36","5,793.50","-0.11%"
"Aug 21, 2018","5,800.00","5,798.00","5,805.78","5,768.14","0.37%"
"Aug 20, 2018","5,778.50","5,749.50","5,819.41","5,742.50","0.23%"
"Aug 17, 2018","5,765.50","5,727.50","5,784.55","5,727.50","0.14%"
"Aug 16, 2018","5,757.50","5,759.50","5,780.02","5,757.50","0.07%"
"Aug 15, 2018","5,753.50","5,753.50","5,753.50","5,753.50","-0.03%"
"Aug 14, 2018","5,755.50","5,759.50","5,779.66","5,728.14","-0.04%"
"Aug 13, 2018","5,758.00","5,752.00","5,763.65","5,716.41","0.10%"
"Aug 10, 2018","5,752.06","5,743.39","5,760.56","5,710.52","0.08%"
"Aug 09, 2018","5,747.50","5,734.50","5,768.00","5,710.50","0.09%"
"Aug 08, 2018","5,742.50","5,748.08","5,767.33","5,742.50","0.16%"
"Aug 07, 2018","5,733.50","5,724.50","5,747.14","5,679.57","-0.07%"
"Aug 06, 2018","5,737.50","5,717.50","5,753.80","5,717.50","-0.09%"
"Aug 03, 2018","5,742.50","5,717.50","5,754.28","5,717.50","-0.03%"
"Aug 02, 2018","5,744.50","5,762.83","5,762.83","5,744.50","-0.04%"
"Aug 01, 2018","5,747.00","5,744.91","5,760.73","5,744.00","0.35%"
"Jul 31, 2018","5,727.00","5,720.00","5,743.91","5,714.00","-0.03%"
"Jul 30, 2018","5,728.50","5,723.50","5,748.57","5,719.50","-0.13%"
"Jul 27, 2018","5,736.00","5,756.00","5,772.75","5,736.00","-0.22%"
"Jul 26, 2018","5,748.50","5,736.50","5,761.02","5,730.50","0.13%"
"Jul 25, 2018","5,741.00","5,736.00","5,754.00","5,724.00","0.03%"
"Jul 24, 2018","5,739.00","5,719.00","5,750.60","5,718.00","-0.19%"
"Jul 23, 2018","5,750.00","5,735.00","5,763.91","5,718.00","0.18%"
"Jul 20, 2018","5,739.47","5,739.15","5,743.18","5,737.64","0.06%"
"Jul 19, 2018","5,736.00","5,733.12","5,749.96","5,733.12","0.20%"
"Jul 18, 2018","5,724.66","5,715.54","5,727.48","5,692.54","0.04%"
"Jul 17, 2018","5,722.65","5,714.35","5,724.08","5,714.35","0.06%"
"Jul 16, 2018","5,719.31","5,722.12","5,722.46","5,718.35","0.06%"
"Jul 13, 2018","5,716.00","5,678.00","5,728.00","5,672.00","0.11%"
"Jul 12, 2018","5,710.00","5,725.00","5,747.00","5,710.00","0.02%"
"Jul 11, 2018","5,709.00","5,716.00","5,725.95","5,661.00","0.39%"
"Jul 10, 2018","5,687.00","5,730.00","5,735.02","5,667.00","-0.18%"
"Jul 09, 2018","5,697.00","5,720.00","5,731.52","5,691.05","-0.26%"
"Jul 06, 2018","5,712.00","5,705.00","5,724.26","5,699.00","-0.01%"
"Jul 05, 2018","5,712.50","5,702.50","5,729.18","5,664.47","0.19%"
"Jul 04, 2018","5,701.73","5,698.35","5,703.41","5,690.03","-0.14%"
"Jul 03, 2018","5,710.00","5,674.00","5,717.26","5,657.00","0.37%"
"Jul 02, 2018","5,689.00","5,697.00","5,725.68","5,689.00","-0.07%"
"Jun 29, 2018","5,693.00","5,680.00","5,727.77","5,680.00","-0.07%"
"Jun 28, 2018","5,697.00","5,700.00","5,732.10","5,697.00","0.15%"
"Jun 27, 2018","5,688.74","5,674.85","5,689.15","5,663.85","0.18%"
"Jun 26, 2018","5,678.67","5,693.07","5,693.07","5,675.20","-0.22%"
"Jun 25, 2018","5,691.02","5,696.57","5,696.57","5,691.02","-0.10%"
"Jun 22, 2018","5,697.00","5,706.00","5,725.22","5,683.84","0.00%"
"Jun 21, 2018","5,697.00","5,674.00","5,703.81","5,674.00","-0.01%"
"Jun 20, 2018","5,697.50","5,695.62","5,704.50","5,673.50","0.12%"
"Jun 19, 2018","5,690.50","5,688.11","5,702.50","5,671.69","0.41%"
"Jun 18, 2018","5,667.50","5,688.36","5,697.50","5,667.50","0.02%"
"Jun 15, 2018","5,666.50","5,645.50","5,680.99","5,616.50","0.11%"
"Jun 14, 2018","5,660.50","5,671.50","5,684.00","5,649.50","0.07%"
"Jun 13, 2018","5,656.50","5,670.50","5,694.04","5,656.50","-0.37%"
"Jun 12, 2018","5,677.50","5,649.50","5,689.50","5,622.50","0.66%"
"Jun 11, 2018","5,640.50","5,651.50","5,679.38","5,640.50","-0.49%"
"Jun 08, 2018","5,668.00","5,680.98","5,693.00","5,653.00","0.26%"
"Jun 07, 2018","5,653.50","5,725.50","5,725.50","5,653.50","-0.38%"
"Jun 06, 2018","5,675.12","5,684.60","5,685.11","5,643.80","-0.11%"
"Jun 05, 2018","5,681.50","5,698.50","5,720.62","5,681.50","-0.18%"
"Jun 04, 2018","5,691.50","5,730.50","5,742.00","5,691.50","-0.62%"
"Jun 01, 2018","5,727.00","5,739.00","5,744.34","5,723.00","-0.05%"
"May 31, 2018","5,730.00","5,751.00","5,758.00","5,730.00","-0.43%"
"May 30, 2018","5,754.50","5,737.50","5,754.50","5,732.50","0.23%"
"May 29, 2018","5,741.50","5,711.50","5,751.92","5,689.35","0.70%"
"May 28, 2018","5,701.51","5,680.33","5,701.51","5,679.91","0.03%"
"May 25, 2018","5,700.00","5,700.00","5,712.33","5,660.73","0.09%"
"May 24, 2018","5,695.00","5,655.00","5,705.74","5,655.00","0.52%"
"May 23, 2018","5,665.50","5,639.50","5,683.02","5,639.50","0.47%"
"May 22, 2018","5,639.00","5,622.00","5,658.00","5,622.00","0.12%"
"May 21, 2018","5,632.00","5,621.00","5,661.69","5,621.00","-0.09%"
"May 18, 2018","5,636.81","5,609.23","5,637.41","5,604.23","0.26%"
"May 17, 2018","5,622.00","5,631.00","5,631.00","5,609.65","0.03%"
"May 16, 2018","5,620.50","5,563.50","5,641.50","5,563.50","0.32%"
"May 15, 2018","5,602.50","5,573.50","5,613.50","5,573.50","0.10%"
"May 14, 2018","5,597.00","5,573.00","5,619.00","5,573.00","-0.15%"
"May 11, 2018","5,605.50","5,556.50","5,617.19","5,556.50","0.03%"
"May 10, 2018","5,603.91","5,607.78","5,607.78","5,599.33","-0.08%"
"May 09, 2018","5,608.50","5,576.50","5,625.06","5,560.50","0.41%"
"May 08, 2018","5,585.50","5,587.50","5,615.36","5,585.50","0.10%"
"May 07, 2018","5,580.00","5,577.00","5,594.76","5,572.00","-0.13%"
"May 04, 2018","5,587.00","5,532.00","5,592.72","5,532.00","0.22%"
"May 03, 2018","5,575.00","5,526.00","5,587.80","5,520.00","0.60%"
"May 02, 2018","5,542.00","5,561.00","5,582.94","5,542.00","-0.27%"
"May 01, 2018","5,557.00","5,559.00","5,568.00","5,553.00","0.21%"
"Apr 30, 2018","5,545.50","5,548.50","5,566.18","5,522.20","-0.17%"
"Apr 27, 2018","5,555.00","5,548.00","5,571.55","5,547.26","0.08%"
"Apr 26, 2018","5,550.50","5,575.38","5,581.14","5,534.50","-0.13%"
"Apr 25, 2018","5,557.50","5,522.50","5,565.32","5,522.50","0.16%"
"Apr 24, 2018","5,548.38","5,544.90","5,549.60","5,532.40","0.10%"
"Apr 23, 2018","5,543.00","5,534.00","5,562.59","5,528.00","0.20%"
"Apr 20, 2018","5,532.00","5,522.00","5,550.06","5,522.00","-0.05%"
"Apr 19, 2018","5,534.50","5,532.50","5,550.50","5,532.50","0.08%"
"Apr 18, 2018","5,530.00","5,503.00","5,545.79","5,493.00","0.20%"
"Apr 17, 2018","5,519.00","5,548.00","5,553.76","5,519.00","-0.34%"
"Apr 16, 2018","5,537.97","5,523.20","5,546.80","5,492.01","-0.06%"
"Apr 13, 2018","5,541.50","5,537.50","5,561.05","5,515.02","-0.14%"
"Apr 12, 2018","5,549.50","5,555.50","5,567.49","5,523.58","-0.04%"
"Apr 11, 2018","5,551.50","5,515.50","5,559.91","5,510.50","0.38%"
"Apr 10, 2018","5,530.50","5,548.50","5,564.58","5,515.06","-0.09%"
"Apr 09, 2018","5,535.66","5,541.86","5,550.80","5,507.36","-0.35%"
"Apr 06, 2018","5,555.00","5,562.00","5,578.56","5,555.00","-0.19%"
"Apr 05, 2018","5,565.50","5,592.50","5,592.50","5,545.50","0.22%"
"Apr 04, 2018","5,553.50","5,517.50","5,580.50","5,517.50","0.33%"
"Apr 03, 2018","5,535.00","5,548.00","5,579.00","5,535.00","-0.10%"
"Apr 02, 2018","5,540.50","5,556.13","5,556.13","5,513.22","-0.62%"
"Mar 30, 2018","5,575.00","5,586.00","5,586.00","5,545.00","0.37%"
"Mar 29, 2018","5,554.50","5,543.50","5,560.50","5,521.50","0.11%"
"Mar 28, 2018","5,548.50","5,572.99","5,572.99","5,548.50","-0.02%"
"Mar 27, 2018","5,549.50","5,577.50","5,577.50","5,549.50","-0.12%"
"Mar 26, 2018","5,556.00","5,560.66","5,566.00","5,511.78","-0.32%"
"Mar 23, 2018","5,574.00","5,571.31","5,586.00","5,567.74","0.33%"
"Mar 22, 2018","5,555.50","5,554.73","5,581.50","5,541.33","0.11%"
"Mar 21, 2018","5,549.50","5,587.50","5,587.50","5,549.50","0.30%"
"Mar 20, 2018","5,533.00","5,561.00","5,561.00","5,529.22","-0.74%"
"Mar 19, 2018","5,574.00","5,547.51","5,586.00","5,535.61","0.74%"
"Mar 16, 2018","5,533.00","5,577.00","5,577.00","5,533.00","0.14%"
"Mar 15, 2018","5,525.00","5,516.23","5,530.28","5,505.00","0.24%"
"Mar 14, 2018","5,512.00","5,521.45","5,523.23","5,481.24","0.33%"
"Mar 13, 2018","5,494.00","5,539.00","5,596.00","5,494.00","-0.43%"
"Mar 12, 2018","5,517.98","5,516.53","5,525.83","5,477.93","-0.02%"
"Mar 09, 2018","5,519.03","5,505.31","5,522.24","5,505.31","0.22%"
"Mar 08, 2018","5,506.94","5,502.36","5,507.11","5,497.06","0.15%"
"Mar 07, 2018","5,498.59","5,492.11","5,558.27","5,492.11","-1.38%"
"Mar 06, 2018","5,575.50","5,524.77","5,587.50","5,466.40","1.31%"
"Mar 05, 2018","5,503.50","5,548.13","5,581.50","5,503.50","-0.53%"
"Mar 02, 2018","5,533.00","5,577.00","5,577.00","5,533.00","-0.36%"
"Mar 01, 2018","5,553.00","5,568.10","5,571.13","5,553.00","-0.17%"
"Feb 28, 2018","5,562.50","5,563.50","5,575.06","5,557.50","-0.11%"
"Feb 27, 2018","5,568.50","5,556.50","5,591.21","5,556.50","-0.10%"
"Feb 26, 2018","5,574.00","5,580.00","5,580.00","5,574.00","-0.09%"
"Feb 23, 2018","5,579.00","5,597.28","5,597.63","5,579.00","-0.07%"
"Feb 22, 2018","5,583.00","5,588.69","5,598.18","5,571.00","0.11%"
"Feb 21, 2018","5,577.00","5,590.12","5,595.15","5,573.00","0.01%"
"Feb 20, 2018","5,576.50","5,577.89","5,583.47","5,525.15","-0.01%"
"Feb 19, 2018","5,577.20","5,538.51","5,578.92","5,538.51","-0.04%"
"Feb 16, 2018","5,579.37","5,579.42","5,579.72","5,558.25","0.18%"
"Feb 15, 2018","5,569.50","5,578.45","5,585.15","5,542.23","-0.06%"
"Feb 14, 2018","5,572.87","5,575.50","5,575.50","5,537.17","0.08%"
"Feb 13, 2018","5,568.50","5,583.26","5,587.88","5,560.59","-0.05%"
"Feb 12, 2018","5,571.09","5,587.94","5,587.94","5,540.91","-0.28%"
"Feb 09, 2018","5,586.50","5,598.50","5,604.19","5,580.48","-0.10%"
"Feb 08, 2018","5,591.82","5,591.40","5,592.41","5,563.13","0.04%"
"Feb 07, 2018","5,589.50","5,590.50","5,596.21","5,585.50","0.02%"
"Feb 06, 2018","5,588.50","5,593.95","5,600.04","5,586.79","-0.01%"
"Feb 05, 2018","5,589.00","5,618.35","5,618.35","5,571.98","-0.29%"
"Feb 02, 2018","5,605.50","5,599.50","5,620.35","5,593.50","0.11%"
"Feb 01, 2018","5,599.22","5,609.95","5,618.99","5,578.51","-0.15%"
"Jan 31, 2018","5,607.50","5,625.32","5,625.32","5,557.50","-0.20%"
"Jan 30, 2018","5,619.00","5,631.26","5,633.00","5,619.00","-0.04%"
"Jan 29, 2018","5,621.50","5,624.61","5,627.54","5,618.50","0.00%"
"Jan 26, 2018","5,621.50","5,613.50","5,628.99","5,565.42","0.20%"
"Jan 25, 2018","5,610.00","5,609.51","5,615.34","5,597.71","0.20%"
"Jan 24, 2018","5,599.00","5,614.81","5,614.81","5,569.00","-0.06%"
"Jan 23, 2018","5,602.50","5,620.28","5,623.50","5,602.50","-0.26%"
"Jan 22, 2018","5,617.00","5,631.60","5,631.60","5,614.00","-0.11%"
"Jan 19, 2018","5,623.00","5,631.95","5,634.09","5,599.00","-0.08%"
"Jan 18, 2018","5,627.53","5,629.70","5,635.98","5,594.59","-0.02%"
"Jan 17, 2018","5,628.50","5,610.92","5,643.40","5,599.50","0.39%"
"Jan 16, 2018","5,606.50","5,621.50","5,625.67","5,606.50","-0.12%"
"Jan 15, 2018","5,613.42","5,615.78","5,615.78","5,603.48","-0.05%"
"Jan 12, 2018","5,616.00","5,633.81","5,633.81","5,616.00","-0.39%"
"Jan 11, 2018","5,638.00","5,642.00","5,646.02","5,582.33","0.21%"
"Jan 10, 2018","5,626.00","5,637.61","5,638.00","5,625.00","-0.01%"
"Jan 09, 2018","5,626.73","5,637.20","5,637.20","5,578.56","-0.08%"
"Jan 08, 2018","5,631.00","5,640.27","5,644.93","5,626.51","0.00%"
"Jan 05, 2018","5,631.00","5,633.58","5,641.31","5,610.50","0.00%"
"Jan 04, 2018","5,631.00","5,619.55","5,638.32","5,575.00","0.25%"
"Jan 03, 2018","5,616.98","5,594.69","5,616.98","5,572.43","0.53%"
"Jan 02, 2018","5,587.50","5,617.45","5,624.50","5,587.50","-0.01%"
"Jan 01, 2018","5,588.00","5,588.00","5,588.00","5,588.00","0.00%"
"Dec 29, 2017","5,588.00","5,593.97","5,612.00","5,588.00","-0.29%"
"Dec 28, 2017","5,604.50","5,608.16","5,610.50","5,572.88","0.04%"
"Dec 27, 2017","5,602.31","5,613.14","5,623.65","5,600.72","-1.00%"
"Dec 26, 2017","5,659.00","5,636.44","5,659.00","5,616.87","0.00%"
"Dec 25, 2017","5,659.00","5,659.00","5,659.00","5,659.00","0.00%"
"Dec 22, 2017","5,659.00","5,658.85","5,665.00","5,615.64","0.00%"
"Dec 21, 2017","5,659.00","5,668.00","5,673.56","5,658.85","-0.09%"
"Dec 20, 2017","5,664.00","5,661.00","5,669.56","5,645.27","0.04%"
"Dec 19, 2017","5,661.50","5,670.84","5,677.71","5,661.50","0.47%"
"Dec 18, 2017","5,635.00","5,637.20","5,647.17","5,627.13","0.03%"
"Dec 15, 2017","5,633.50","5,636.08","5,644.50","5,604.78","0.04%"
"Dec 14, 2017","5,631.50","5,637.72","5,645.50","5,591.06","-0.60%"
"Dec 13, 2017","5,665.50","5,652.96","5,677.50","5,630.50","0.00%"
"Dec 12, 2017","5,665.50","5,652.90","5,677.50","5,646.90","0.73%"
"Dec 11, 2017","5,624.56","5,629.22","5,629.22","5,622.95","-0.81%"
"Dec 08, 2017","5,670.50","5,670.50","5,670.50","5,670.50","0.00%"
"Dec 07, 2017","5,670.50","5,675.70","5,675.70","5,613.50","0.00%"
"Dec 06, 2017","5,670.50","5,671.50","5,683.91","5,670.50","0.27%"
"Dec 05, 2017","5,655.00","5,663.23","5,663.23","5,645.00","0.03%"
"Dec 04, 2017","5,653.50","5,668.97","5,676.69","5,653.50","-0.33%"
"Dec 01, 2017","5,672.50","5,666.50","5,685.95","5,666.50","0.14%"
"Nov 30, 2017","5,664.50","5,679.10","5,683.70","5,664.50","-0.19%"
"Nov 29, 2017","5,675.50","5,657.50","5,681.18","5,657.50","0.22%"
"Nov 28, 2017","5,663.00","5,672.88","5,674.53","5,661.00","0.08%"
"Nov 27, 2017","5,658.50","5,688.44","5,688.44","5,658.50","-0.16%"
"Nov 24, 2017","5,667.50","5,676.52","5,682.55","5,650.50","-0.09%"
"Nov 23, 2017","5,672.81","5,659.75","5,677.13","5,659.75","0.22%"
"Nov 22, 2017","5,660.50","5,660.16","5,668.06","5,636.24","0.14%"
"Nov 21, 2017","5,652.48","5,650.60","5,657.82","5,645.82","0.05%"
"Nov 20, 2017","5,649.50","5,657.72","5,657.72","5,642.05","-0.04%"
"Nov 17, 2017","5,651.50","5,649.50","5,657.93","5,643.50","0.02%"
"Nov 16, 2017","5,650.50","5,653.11","5,655.90","5,623.79","-0.23%"
"Nov 15, 2017","5,663.50","5,660.05","5,669.11","5,660.05","-0.02%"
"Nov 14, 2017","5,664.50","5,673.50","5,673.79","5,664.14","0.17%"
"Nov 13, 2017","5,654.63","5,658.68","5,658.68","5,625.39","0.06%"
"Nov 10, 2017","5,651.50","5,659.68","5,669.92","5,648.50","-0.03%"
"Nov 09, 2017","5,653.00","5,658.05","5,659.14","5,613.99","0.04%"
"Nov 08, 2017","5,650.50","5,642.48","5,658.12","5,642.48","0.15%"
"Nov 07, 2017","5,642.00","5,656.76","5,656.76","5,639.02","0.02%"
"Nov 06, 2017","5,641.00","5,644.58","5,656.00","5,641.00","-0.04%"
"Nov 03, 2017","5,643.00","5,648.83","5,650.45","5,640.00","0.04%"
"Nov 02, 2017","5,640.50","5,646.50","5,652.24","5,604.67","-0.14%"
"Nov 01, 2017","5,648.20","5,635.28","5,648.78","5,633.46","0.24%"
"Oct 31, 2017","5,634.50","5,644.50","5,650.37","5,632.74","-0.19%"
"Oct 30, 2017","5,645.50","5,655.30","5,656.37","5,643.38","0.04%"
"Oct 27, 2017","5,643.50","5,653.83","5,655.59","5,623.71","-0.04%"
"Oct 26, 2017","5,646.00","5,647.28","5,657.00","5,642.00","0.05%"
"Oct 25, 2017","5,643.12","5,631.15","5,643.93","5,631.15","0.06%"
"Oct 24, 2017","5,640.00","5,641.00","5,652.84","5,582.06","0.17%"
"Oct 23, 2017","5,630.50","5,621.50","5,645.57","5,616.91","-0.08%"
"Oct 20, 2017","5,635.00","5,655.00","5,660.19","5,583.00","-0.27%"
"Oct 19, 2017","5,649.98","5,631.78","5,650.31","5,610.82","0.18%"
"Oct 18, 2017","5,640.00","5,638.21","5,646.30","5,635.00","0.07%"
"Oct 17, 2017","5,636.00","5,644.09","5,644.09","5,631.97","-0.02%"
"Oct 16, 2017","5,637.00","5,629.00","5,645.94","5,629.00","0.07%"
"Oct 13, 2017","5,633.00","5,634.00","5,645.52","5,627.51","-0.17%"
"Oct 12, 2017","5,642.50","5,647.68","5,648.02","5,614.94","0.05%"
"Oct 11, 2017","5,639.50","5,639.50","5,644.68","5,612.25","-0.02%"
"Oct 10, 2017","5,640.50","5,647.16","5,647.16","5,616.33","0.03%"
"Oct 09, 2017","5,638.86","5,643.52","5,643.52","5,638.86","-0.07%"
"Oct 06, 2017","5,643.00","5,651.90","5,651.90","5,627.08","-0.04%"
"Oct 05, 2017","5,645.50","5,658.32","5,658.32","5,645.50","-0.07%"
"Oct 04, 2017","5,649.50","5,650.36","5,655.81","5,583.50","-0.30%"
"Oct 03, 2017","5,666.50","5,678.50","5,678.50","5,659.18","0.02%"
"Oct 02, 2017","5,665.50","5,665.50","5,665.50","5,665.50","0.00%"
"Sep 29, 2017","5,665.50","5,683.50","5,683.50","5,665.50","0.18%"
"Sep 28, 2017","5,655.10","5,657.86","5,657.86","5,622.40","-0.08%"
"Sep 27, 2017","5,659.67","5,666.91","5,666.91","5,658.27","-0.21%"
"Sep 26, 2017","5,671.50","5,682.68","5,682.68","5,639.50","-0.02%"
"Sep 25, 2017","5,672.50","5,681.06","5,685.71","5,650.27","-0.02%"
"Sep 22, 2017","5,673.50","5,685.01","5,685.01","5,672.50","-0.06%"
"Sep 21, 2017","5,676.86","5,654.35","5,678.61","5,644.35","0.03%"
"Sep 20, 2017","5,674.92","5,652.64","5,677.40","5,652.64","0.19%"
"Sep 19, 2017","5,664.00","5,669.99","5,681.81","5,664.00","0.00%"
"Sep 18, 2017","5,664.00","5,665.54","5,674.35","5,659.00","0.14%"
"Sep 15, 2017","5,656.00","5,661.37","5,662.54","5,630.07","0.04%"
"Sep 14, 2017","5,653.50","5,658.74","5,664.87","5,632.50","0.14%"
"Sep 13, 2017","5,645.50","5,628.50","5,650.74","5,597.59","0.10%"
"Sep 12, 2017","5,640.00","5,648.00","5,650.00","5,629.76","-0.04%"
"Sep 11, 2017","5,642.50","5,643.73","5,654.50","5,613.80","-0.26%"
"Sep 08, 2017","5,657.00","5,674.94","5,674.94","5,657.00","-0.08%"
"Sep 07, 2017","5,661.50","5,670.51","5,672.17","5,658.50","-0.01%"
"Sep 06, 2017","5,662.00","5,662.18","5,668.76","5,628.34","0.11%"
"Sep 05, 2017","5,656.00","5,657.00","5,662.81","5,623.40","0.04%"
"Sep 04, 2017","5,653.81","5,660.35","5,660.35","5,601.01","-0.18%"
"Sep 01, 2017","5,663.80","5,653.90","5,663.80","5,648.46","0.19%"
"Aug 31, 2017","5,653.00","5,671.19","5,671.19","5,648.67","-0.23%"
"Aug 30, 2017","5,666.00","5,655.95","5,679.53","5,644.00","0.33%"
"Aug 29, 2017","5,647.50","5,642.54","5,654.45","5,606.50","0.07%"
"Aug 28, 2017","5,643.45","5,648.44","5,648.44","5,577.41","-0.07%"
"Aug 25, 2017","5,647.50","5,643.15","5,657.88","5,596.01","0.14%"
"Aug 24, 2017","5,639.50","5,626.63","5,645.15","5,614.50","0.45%"
"Aug 23, 2017","5,614.50","5,602.35","5,622.72","5,596.50","0.30%"
"Aug 22, 2017","5,597.50","5,583.22","5,603.35","5,577.50","0.38%"
"Aug 21, 2017","5,576.50","5,584.56","5,587.50","5,565.25","-0.04%"
"Aug 18, 2017","5,579.00","5,573.57","5,587.33","5,568.00","0.18%"
"Aug 17, 2017","5,569.00","5,572.61","5,578.62","5,557.75","0.06%"
"Aug 16, 2017","5,565.50","5,575.63","5,575.63","5,556.50","-0.12%"
"Aug 15, 2017","5,572.00","5,572.00","5,572.00","5,572.00","0.01%"
"Aug 14, 2017","5,571.50","5,584.98","5,585.47","5,557.50","-0.15%"
"Aug 11, 2017","5,579.68","5,570.36","5,586.60","5,570.36","0.13%"
"Aug 10, 2017","5,572.43","5,581.56","5,581.56","5,568.40","-0.13%"
"Aug 09, 2017","5,579.50","5,569.39","5,588.70","5,557.50","0.35%"
"Aug 08, 2017","5,560.00","5,565.00","5,577.01","5,551.17","-0.14%"
"Aug 07, 2017","5,568.00","5,571.15","5,574.26","5,523.00","0.09%"
"Aug 04, 2017","5,563.00","5,568.38","5,570.67","5,562.00","0.00%"
"Aug 03, 2017","5,563.00","5,564.00","5,574.07","5,544.35","0.02%"
"Aug 02, 2017","5,562.00","5,559.32","5,568.91","5,548.89","0.08%"
"Aug 01, 2017","5,557.50","5,555.30","5,565.13","5,553.78","0.04%"
"Jul 31, 2017","5,555.30","5,563.06","5,568.50","5,542.81","0.01%"
"Jul 28, 2017","5,555.00","5,564.82","5,569.02","5,555.00","-0.14%"
"Jul 27, 2017","5,563.00","5,570.42","5,570.42","5,556.72","-0.01%"
"Jul 26, 2017","5,563.50","5,560.86","5,570.38","5,555.50","0.15%"
"Jul 25, 2017","5,555.00","5,562.74","5,563.50","5,508.00","0.00%"
"Jul 24, 2017","5,555.00","5,557.30","5,563.00","5,550.98","-0.04%"
"Jul 21, 2017","5,557.16","5,560.26","5,560.26","5,535.17","-0.02%"
"Jul 20, 2017","5,558.50","5,544.51","5,564.40","5,499.50","0.41%"
"Jul 19, 2017","5,536.00","5,550.58","5,550.58","5,519.55","-0.28%"
"Jul 18, 2017","5,551.50","5,544.50","5,558.71","5,544.50","0.06%"
"Jul 17, 2017","5,548.00","5,560.40","5,560.40","5,519.48","-0.20%"
"Jul 14, 2017","5,559.00","5,529.00","5,567.00","5,529.00","0.23%"
"Jul 13, 2017","5,546.31","5,534.90","5,552.12","5,497.14","0.23%"
"Jul 12, 2017","5,533.50","5,523.50","5,540.12","5,498.16","-0.16%"
"Jul 11, 2017","5,542.50","5,566.50","5,566.50","5,509.85","0.09%"
"Jul 10, 2017","5,537.50","5,530.80","5,549.11","5,511.48","-0.62%"
"Jul 07, 2017","5,572.00","5,576.29","5,596.00","5,571.50","-0.09%"
"Jul 06, 2017","5,577.00","5,563.12","5,587.79","5,563.12","-0.05%"
"Jul 05, 2017","5,580.00","5,573.56","5,586.00","5,543.00","0.44%"
"Jul 04, 2017","5,555.28","5,550.15","5,557.27","5,541.69","-0.04%"
"Jul 03, 2017","5,557.49","5,573.40","5,573.85","5,556.43","-0.37%"
"Jun 30, 2017","5,578.00","5,590.00","5,598.04","5,578.00","-0.13%"
"Jun 29, 2017","5,585.00","5,570.00","5,588.44","5,570.00","0.31%"
"Jun 28, 2017","5,568.00","5,560.50","5,574.16","5,554.00","0.10%"
"Jun 27, 2017","5,562.50","5,557.28","5,572.93","5,553.50","0.17%"
"Jun 26, 2017","5,553.00","5,553.39","5,568.24","5,553.00","-0.36%"
"Jun 23, 2017","5,573.00","5,579.00","5,594.00","5,556.96","-0.04%"
"Jun 22, 2017","5,575.00","5,586.16","5,587.48","5,550.00","-0.13%"
"Jun 21, 2017","5,582.50","5,583.34","5,585.09","5,551.34","-0.05%"
"Jun 20, 2017","5,585.50","5,584.50","5,590.88","5,556.48","0.33%"
"Jun 19, 2017","5,567.00","5,590.50","5,594.73","5,564.21","0.04%"
"Jun 16, 2017","5,565.00","5,558.57","5,574.25","5,558.57","0.04%"
"Jun 15, 2017","5,563.00","5,567.00","5,570.18","5,538.76","-0.27%"
"Jun 14, 2017","5,578.00","5,603.00","5,607.56","5,576.16","0.11%"
"Jun 13, 2017","5,572.00","5,580.50","5,580.50","5,539.78","-0.19%"
"Jun 12, 2017","5,582.50","5,586.82","5,597.15","5,582.50","-0.23%"
"Jun 09, 2017","5,595.50","5,597.74","5,611.48","5,594.86","-0.09%"
"Jun 08, 2017","5,600.50","5,611.73","5,623.46","5,592.66","-0.04%"
"Jun 07, 2017","5,602.50","5,598.55","5,609.81","5,582.50","0.66%"
"Jun 06, 2017","5,565.99","5,567.43","5,581.41","5,516.38","-0.44%"
"Jun 05, 2017","5,590.50","5,606.50","5,616.03","5,590.50","-0.09%"
"Jun 02, 2017","5,595.50","5,605.50","5,619.43","5,595.50","0.01%"
"Jun 01, 2017","5,595.00","5,601.00","5,609.96","5,582.58","-0.44%"
"May 31, 2017","5,620.00","5,611.50","5,633.76","5,611.50","0.58%"
"May 30, 2017","5,587.50","5,601.84","5,602.53","5,523.61","-0.16%"
"May 29, 2017","5,596.18","5,613.35","5,613.35","5,596.06","-0.78%"
"May 26, 2017","5,640.00","5,664.50","5,664.50","5,591.50","-0.01%"
"May 25, 2017","5,640.50","5,640.25","5,648.72","5,598.91","0.43%"
"May 24, 2017","5,616.50","5,625.50","5,660.00","5,596.50","0.19%"
"May 23, 2017","5,606.00","5,606.14","5,654.29","5,583.79","-0.03%"
"May 22, 2017","5,607.50","5,630.00","5,630.00","5,597.50","0.09%"
"May 19, 2017","5,602.50","5,587.00","5,621.69","5,587.00","0.00%"
"May 18, 2017","5,602.50","5,599.50","5,621.88","5,584.23","0.86%"
"May 17, 2017","5,554.62","5,595.97","5,607.80","5,511.02","-0.79%"
"May 16, 2017","5,599.00","5,649.30","5,649.30","5,598.26","-0.51%"
"May 15, 2017","5,627.50","5,628.50","5,628.58","5,627.50","-0.02%"
"May 12, 2017","5,628.50","5,592.76","5,628.50","5,578.30","0.69%"
"May 11, 2017","5,590.00","5,606.99","5,606.99","5,585.52","-0.34%"
"May 10, 2017","5,609.00","5,571.03","5,609.00","5,555.45","0.06%"
"May 09, 2017","5,605.50","5,627.26","5,627.26","5,577.97","-0.13%"
"May 08, 2017","5,613.00","5,635.00","5,635.00","5,587.37","-0.36%"
"May 05, 2017","5,633.50","5,620.57","5,646.41","5,571.50","0.41%"
"May 04, 2017","5,610.50","5,572.93","5,610.50","5,566.64","0.56%"
"May 03, 2017","5,579.50","5,569.50","5,599.57","5,563.50","-0.01%"
"May 02, 2017","5,580.00","5,582.00","5,589.04","5,556.36","0.13%"
"May 01, 2017","5,573.00","5,575.04","5,577.54","5,525.85","0.07%"
"Apr 28, 2017","5,569.00","5,570.03","5,581.30","5,568.00","-0.14%"
"Apr 27, 2017","5,577.02","5,600.97","5,600.97","5,576.89","-0.18%"
"Apr 26, 2017","5,587.14","5,581.81","5,589.12","5,567.09","0.06%"
"Apr 25, 2017","5,583.81","5,521.95","5,589.96","5,519.14","0.07%"
"Apr 24, 2017","5,580.00","5,571.10","5,612.43","5,571.10","0.05%"
"Apr 21, 2017","5,577.31","5,557.05","5,577.31","5,540.55","0.39%"
"Apr 20, 2017","5,555.50","5,536.35","5,560.81","5,536.35","0.04%"
"Apr 19, 2017","5,553.50","5,523.80","5,559.97","5,523.80","0.47%"
"Apr 18, 2017","5,527.50","5,533.05","5,539.22","5,467.41","-0.04%"
"Apr 17, 2017","5,529.50","5,520.35","5,536.30","5,512.50","-0.03%"
"Apr 14, 2017","5,531.00","5,531.00","5,531.00","5,531.00","0.00%"
"Apr 13, 2017","5,531.00","5,536.95","5,536.95","5,531.00","-0.04%"
"Apr 12, 2017","5,533.00","5,538.49","5,573.00","5,480.00","0.22%"
"Apr 11, 2017","5,521.00","5,473.61","5,526.49","5,473.61","1.08%"
"Apr 10, 2017","5,462.00","5,574.75","5,574.75","5,462.00","-4.39%"
"Apr 07, 2017","5,712.50","5,736.00","5,756.54","5,711.32","-0.22%"
"Apr 06, 2017","5,725.00","5,750.18","5,750.18","5,625.50","-0.26%"
"Apr 05, 2017","5,740.00","5,710.66","5,740.00","5,621.99","0.13%"
"Apr 04, 2017","5,732.50","5,736.80","5,759.82","5,626.12","1.55%"
"Apr 03, 2017","5,645.00","5,749.50","5,764.35","5,623.00","-0.04%"
"Mar 31, 2017","5,647.50","5,748.00","5,759.85","5,647.50","0.01%"
"Mar 30, 2017","5,647.00","5,755.00","5,762.46","5,643.71","0.02%"
"Mar 29, 2017","5,646.00","5,666.95","5,759.80","5,641.00","0.09%"
"Mar 28, 2017","5,641.00","5,654.35","5,658.80","5,596.97","-0.09%"
"Mar 27, 2017","5,646.00","5,578.97","5,655.07","5,570.77","0.24%"
"Mar 24, 2017","5,632.30","5,597.03","5,633.56","5,597.03","0.58%"
"Mar 23, 2017","5,600.00","5,541.30","5,605.65","5,541.30","0.11%"
"Mar 22, 2017","5,594.00","5,529.00","5,600.03","5,529.00","0.82%"
"Mar 21, 2017","5,548.69","5,528.62","5,548.69","5,516.88","0.43%"
"Mar 20, 2017","5,525.00","5,510.39","5,530.12","5,498.99","0.13%"
"Mar 17, 2017","5,517.68","5,487.81","5,520.24","5,487.81","-0.03%"
"Mar 16, 2017","5,519.50","5,420.05","5,524.65","5,418.25","0.05%"
"Mar 15, 2017","5,516.50","5,451.08","5,524.34","5,448.13","0.73%"
"Mar 14, 2017","5,476.59","5,439.77","5,476.59","5,393.15","0.36%"
"Mar 13, 2017","5,457.00","5,402.85","5,467.54","5,389.75","0.35%"
"Mar 10, 2017","5,438.00","5,420.95","5,450.12","5,384.10","-0.05%"
"Mar 09, 2017","5,440.50","5,442.25","5,459.81","5,423.50","0.32%"
"Mar 08, 2017","5,423.00","5,409.30","5,436.78","5,405.80","-0.09%"
"Mar 07, 2017","5,428.00","5,471.70","5,471.70","5,411.48","0.42%"
"Mar 06, 2017","5,405.50","5,428.86","5,463.20","5,405.39","-1.06%"
"Mar 03, 2017","5,463.19","5,496.77","5,496.77","5,462.48","-0.06%"
"Mar 02, 2017","5,466.47","5,550.02","5,553.38","5,461.91","-1.71%"
"Mar 01, 2017","5,561.65","5,556.85","5,561.65","5,556.85","1.77%"
"Feb 28, 2017","5,464.99","5,540.74","5,540.74","5,464.55","-1.29%"
"Feb 27, 2017","5,536.19","5,596.10","5,596.10","5,536.19","-2.66%"
"Feb 24, 2017","5,687.50","5,713.10","5,713.10","5,536.19","-0.44%"
"Feb 23, 2017","5,712.50","5,691.06","5,729.57","5,573.28","0.71%"
"Feb 22, 2017","5,672.50","5,678.12","5,793.05","5,632.00","-1.74%"
"Feb 21, 2017","5,773.00","5,690.88","5,773.00","5,576.36","2.78%"
"Feb 20, 2017","5,616.86","5,717.90","5,770.16","5,616.86","-2.70%"
"Feb 17, 2017","5,773.00","5,790.53","5,794.37","5,694.25","0.01%"
"Feb 16, 2017","5,772.50","5,705.97","5,786.79","5,693.22","-0.14%"
"Feb 15, 2017","5,780.50","5,805.19","5,812.37","5,709.22","-0.21%"
"Feb 14, 2017","5,792.50","5,769.48","5,821.92","5,732.60","-0.09%"
"Feb 13, 2017","5,797.50","5,814.00","5,823.95","5,722.50","-0.09%"
"Feb 10, 2017","5,802.50","5,759.50","5,807.99","5,730.11","-0.04%"
"Feb 09, 2017","5,805.00","5,722.25","5,805.00","5,722.25","0.12%"
"Feb 08, 2017","5,798.00","5,792.51","5,803.39","5,711.41","0.22%"
"Feb 07, 2017","5,785.00","5,742.75","5,811.52","5,734.97","-0.17%"
"Feb 06, 2017","5,795.00","5,801.10","5,801.10","5,669.25","0.00%"
"Feb 03, 2017","5,795.00","5,798.83","5,798.83","5,739.43","-0.09%"
"Feb 02, 2017","5,800.00","5,797.31","5,812.51","5,729.32","-0.17%"
"Feb 01, 2017","5,810.00","5,805.77","5,810.54","5,748.88","0.04%"
"Jan 31, 2017","5,807.50","5,800.50","5,821.55","5,780.20","-0.11%"
"Jan 30, 2017","5,814.00","5,759.75","5,826.56","5,759.75","0.00%"
"Jan 27, 2017","5,814.00","5,802.70","5,825.83","5,792.13","0.11%"
"Jan 26, 2017","5,807.50","5,759.38","5,822.89","5,743.44","0.00%"
"Jan 25, 2017","5,807.50","5,803.55","5,816.11","5,756.30","0.23%"
"Jan 24, 2017","5,794.00","5,731.42","5,815.08","5,731.23","0.07%"
"Jan 23, 2017","5,790.00","5,797.34","5,798.87","5,690.14","0.04%"
"Jan 20, 2017","5,787.50","5,777.26","5,788.01","5,716.01","-0.14%"
"Jan 19, 2017","5,795.50","5,769.50","5,813.95","5,749.05","-0.09%"
"Jan 18, 2017","5,800.50","5,809.50","5,809.50","5,721.50","-0.10%"
"Jan 17, 2017","5,806.50","5,749.18","5,806.50","5,712.50","0.28%"
"Jan 16, 2017","5,790.00","5,786.03","5,790.00","5,727.54","0.00%"
"Jan 13, 2017","5,790.00","5,807.95","5,807.95","5,731.35","-0.30%"
"Jan 12, 2017","5,807.50","5,799.79","5,807.50","5,735.51","0.96%"
"Jan 11, 2017","5,752.50","5,782.40","5,814.69","5,751.47","-0.93%"
"Jan 10, 2017","5,806.50","5,820.50","5,824.12","5,748.35","-0.09%"
"Jan 09, 2017","5,811.50","5,796.61","5,818.98","5,766.86","-0.45%"
"Jan 06, 2017","5,837.50","5,832.91","5,843.50","5,739.21","-0.04%"
"Jan 05, 2017","5,840.00","5,834.09","5,852.00","5,718.20","0.69%"
"Jan 04, 2017","5,800.00","5,733.31","5,838.00","5,733.31","-0.81%"
"Jan 03, 2017","5,847.50","5,784.48","5,847.50","5,733.47","1.83%"
"Jan 02, 2017","5,742.40","5,765.60","5,777.45","5,723.87","-1.80%"
"Dec 30, 2016","5,847.50","5,745.05","5,847.50","5,715.05","0.78%"
"Dec 29, 2016","5,802.50","5,797.10","5,842.10","5,735.25","-0.77%"
"Dec 28, 2016","5,847.50","5,812.50","5,847.50","5,741.90","0.60%"
"Dec 27, 2016","5,812.50","5,787.97","5,847.50","5,750.48","1.09%"
"Dec 26, 2016","5,749.56","5,758.56","5,760.78","5,714.55","-1.00%"
"Dec 23, 2016","5,807.50","5,802.78","5,832.54","5,740.26","-0.68%"
"Dec 22, 2016","5,847.50","5,807.29","5,847.50","5,718.50","0.00%"
"Dec 21, 2016","5,847.50","5,824.80","5,847.50","5,748.50","0.00%"
"Dec 20, 2016","5,847.50","5,815.00","5,847.50","5,783.16","0.00%"
"Dec 19, 2016","5,847.50","5,830.00","5,847.50","5,785.52","0.00%"
"Dec 16, 2016","5,847.50","5,787.50","5,847.50","5,783.53","0.00%"
"Dec 15, 2016","5,847.50","5,832.45","5,897.17","5,782.52","0.00%"
"Dec 14, 2016","5,847.50","5,794.86","5,847.50","5,793.06","0.00%"
"Dec 13, 2016","5,847.50","5,836.41","5,847.50","5,799.03","0.00%"
"Dec 12, 2016","5,847.50","5,840.00","5,858.03","5,816.31","0.00%"
"Dec 09, 2016","5,847.50","5,926.45","5,926.45","5,818.48","0.00%"
"Dec 08, 2016","5,847.50","5,839.24","5,847.50","5,781.87","0.00%"
"Dec 07, 2016","5,847.50","5,862.61","5,862.61","5,808.22","0.21%"
"Dec 06, 2016","5,835.00","5,817.39","5,835.00","5,782.69","-0.21%"
"Dec 05, 2016","5,847.50","5,850.50","5,885.15","5,831.49","-0.03%"
"Dec 02, 2016","5,849.50","5,858.56","5,859.02","5,830.81","0.08%"
"Dec 01, 2016","5,845.00","5,831.44","5,845.21","5,831.44","-0.08%"
"Nov 30, 2016","5,849.50","5,792.75","5,855.22","5,792.75","0.03%"
"Nov 29, 2016","5,848.00","5,833.50","5,854.46","5,801.67","0.28%"
"Nov 28, 2016","5,831.50","5,832.99","5,837.41","5,771.50","0.03%"
"Nov 25, 2016","5,830.00","5,823.27","5,832.48","5,794.23","0.69%"
"Nov 24, 2016","5,790.00","5,784.94","5,840.79","5,782.00","0.00%"
"Nov 23, 2016","5,790.00","5,786.25","5,837.60","5,785.37","-0.12%"
"Nov 22, 2016","5,797.00","5,806.65","5,811.35","5,763.48","0.08%"
"Nov 21, 2016","5,792.50","5,784.65","5,808.00","5,780.53","0.65%"
"Nov 18, 2016","5,755.00","5,825.40","5,830.45","5,730.40","0.00%"
"Nov 17, 2016","5,755.00","5,758.50","5,782.19","5,747.45","0.00%"
"Nov 16, 2016","5,755.00","5,779.80","5,779.80","5,726.64","-0.01%"
"Nov 15, 2016","5,755.50","5,770.10","5,770.10","5,747.42","0.00%"
"Nov 14, 2016","5,755.50","5,750.79","5,786.64","5,736.50","0.14%"
"Nov 11, 2016","5,747.50","5,740.61","5,747.50","5,722.33","0.14%"
"Nov 10, 2016","5,739.50","5,740.50","5,747.66","5,699.50","0.03%"
"Nov 09, 2016","5,738.00","5,753.47","5,764.07","5,726.09","0.10%"
"Nov 08, 2016","5,732.50","5,735.93","5,739.23","5,717.61","0.04%"
"Nov 07, 2016","5,730.00","5,739.50","5,754.65","5,696.00","0.00%"
"Nov 04, 2016","5,730.00","5,734.16","5,741.37","5,708.99","0.00%"
"Nov 03, 2016","5,730.00","5,731.50","5,739.72","5,725.42","0.00%"
"Nov 02, 2016","5,730.00","5,734.00","5,738.91","5,709.10","-0.01%"
"Nov 01, 2016","5,730.50","5,716.00","5,737.36","5,678.50","0.04%"